Period,Region,Dealer,Model,Variant,Factory,Forecast Units,Actual Units,Order Bank Units,Production Capacity Units,Available Slots,Finished Goods Units,Inventory Days,Forecast Version
2025-07,QLD,Northside Motors,Model H,H-STD,Plant 2,46,54,24,420,40,56,35,FY26-Q1-DEMO
2025-07,QLD,Northside Motors,Model H,H-XL,Plant 2,46,42,20,420,40,90,55,FY26-Q1-DEMO
2025-07,QLD,Northside Motors,Model J,J-STD,Plant 1,44,44,20,520,60,58,37,FY26-Q1-DEMO
2025-07,QLD,Northside Motors,Model J,J-PRO,Plant 1,44,44,20,520,60,44,28,FY26-Q1-DEMO
2025-07,QLD,Northside Motors,Model K,K-STD,Plant 3,43,43,20,480,60,59,38,FY26-Q1-DEMO
2025-07,QLD,Northside Motors,Model K,K-LITE,Plant 3,43,43,20,480,60,58,42,FY26-Q1-DEMO
2025-07,QLD,Northside Motors,Model L,L-STD,Plant 1,42,42,20,520,60,20,39,FY26-Q1-DEMO
2025-07,QLD,Northside Motors,Model L,L-MAX,Plant 1,42,42,20,520,60,45,34,FY26-Q1-DEMO
2025-07,QLD,Coastal Equipment,Model H,H-STD,Plant 2,46,54,24,420,40,35,35,FY26-Q1-DEMO
2025-07,QLD,Coastal Equipment,Model H,H-XL,Plant 2,46,42,20,420,40,90,55,FY26-Q1-DEMO
2025-07,QLD,Coastal Equipment,Model J,J-STD,Plant 1,44,44,20,520,60,37,37,FY26-Q1-DEMO
2025-07,QLD,Coastal Equipment,Model J,J-PRO,Plant 1,44,44,20,520,60,23,28,FY26-Q1-DEMO
2025-07,QLD,Coastal Equipment,Model K,K-STD,Plant 3,43,43,20,480,60,38,38,FY26-Q1-DEMO
2025-07,QLD,Coastal Equipment,Model K,K-LITE,Plant 3,43,43,20,480,60,27,42,FY26-Q1-DEMO
2025-07,QLD,Coastal Equipment,Model L,L-STD,Plant 1,42,42,20,520,60,39,39,FY26-Q1-DEMO
2025-07,QLD,Coastal Equipment,Model L,L-MAX,Plant 1,42,42,20,520,60,24,34,FY26-Q1-DEMO
2025-07,NSW,Harbour Dealership,Model H,H-STD,Plant 2,49,55,24,420,40,24,35,FY26-Q1-DEMO
2025-07,NSW,Harbour Dealership,Model H,H-XL,Plant 2,49,43,20,420,40,90,55,FY26-Q1-DEMO
2025-07,NSW,Harbour Dealership,Model J,J-STD,Plant 1,51,51,23,520,60,22,37,FY26-Q1-DEMO
2025-07,NSW,Harbour Dealership,Model J,J-PRO,Plant 1,51,51,23,520,60,36,28,FY26-Q1-DEMO
2025-07,NSW,Harbour Dealership,Model K,K-STD,Plant 3,52,52,23,480,60,21,38,FY26-Q1-DEMO
2025-07,NSW,Harbour Dealership,Model K,K-LITE,Plant 3,52,52,23,480,60,58,42,FY26-Q1-DEMO
2025-07,NSW,Harbour Dealership,Model L,L-STD,Plant 1,53,53,24,520,60,20,39,FY26-Q1-DEMO
2025-07,NSW,Harbour Dealership,Model L,L-MAX,Plant 1,53,53,24,520,60,35,34,FY26-Q1-DEMO
2025-07,NSW,Western Plains,Model H,H-STD,Plant 2,49,55,24,420,40,27,35,FY26-Q1-DEMO
2025-07,NSW,Western Plains,Model H,H-XL,Plant 2,49,43,20,420,40,90,55,FY26-Q1-DEMO
2025-07,NSW,Western Plains,Model J,J-STD,Plant 1,51,51,23,520,60,29,37,FY26-Q1-DEMO
2025-07,NSW,Western Plains,Model J,J-PRO,Plant 1,51,51,23,520,60,55,28,FY26-Q1-DEMO
2025-07,NSW,Western Plains,Model K,K-STD,Plant 3,52,52,23,480,60,30,38,FY26-Q1-DEMO
2025-07,NSW,Western Plains,Model K,K-LITE,Plant 3,52,52,23,480,60,59,42,FY26-Q1-DEMO
2025-07,NSW,Western Plains,Model L,L-STD,Plant 1,53,53,24,520,60,31,39,FY26-Q1-DEMO
2025-07,NSW,Western Plains,Model L,L-MAX,Plant 1,53,53,24,520,60,56,34,FY26-Q1-DEMO
2025-07,VIC,Metro Industrial,Model H,H-STD,Plant 2,53,56,25,420,40,34,35,FY26-Q1-DEMO
2025-07,VIC,Metro Industrial,Model H,H-XL,Plant 2,53,44,20,420,40,90,55,FY26-Q1-DEMO
2025-07,VIC,Metro Industrial,Model J,J-STD,Plant 1,55,55,24,520,60,36,37,FY26-Q1-DEMO
2025-07,VIC,Metro Industrial,Model J,J-PRO,Plant 1,55,55,24,520,60,22,28,FY26-Q1-DEMO
2025-07,VIC,Metro Industrial,Model K,K-STD,Plant 3,56,53,24,480,60,37,38,FY26-Q1-DEMO
2025-07,VIC,Metro Industrial,Model K,K-LITE,Plant 3,56,53,24,480,60,36,42,FY26-Q1-DEMO
2025-07,VIC,Metro Industrial,Model L,L-STD,Plant 1,57,57,25,520,60,38,39,FY26-Q1-DEMO
2025-07,VIC,Metro Industrial,Model L,L-MAX,Plant 1,57,57,25,520,60,23,34,FY26-Q1-DEMO
2025-07,VIC,Gippsland Trade,Model H,H-STD,Plant 2,53,56,25,420,40,38,35,FY26-Q1-DEMO
2025-07,VIC,Gippsland Trade,Model H,H-XL,Plant 2,53,44,20,420,40,90,55,FY26-Q1-DEMO
2025-07,VIC,Gippsland Trade,Model J,J-STD,Plant 1,55,55,24,520,60,36,37,FY26-Q1-DEMO
2025-07,VIC,Gippsland Trade,Model J,J-PRO,Plant 1,55,55,24,520,60,50,28,FY26-Q1-DEMO
2025-07,VIC,Gippsland Trade,Model K,K-STD,Plant 3,56,53,24,480,60,35,38,FY26-Q1-DEMO
2025-07,VIC,Gippsland Trade,Model K,K-LITE,Plant 3,56,53,24,480,60,44,42,FY26-Q1-DEMO
2025-07,VIC,Gippsland Trade,Model L,L-STD,Plant 1,57,57,25,520,60,34,39,FY26-Q1-DEMO
2025-07,VIC,Gippsland Trade,Model L,L-MAX,Plant 1,57,57,25,520,60,49,34,FY26-Q1-DEMO
2025-07,WA,West Coast Machinery,Model H,H-STD,Plant 2,49,51,23,420,40,23,35,FY26-Q1-DEMO
2025-07,WA,West Coast Machinery,Model H,H-XL,Plant 2,49,40,19,420,40,90,55,FY26-Q1-DEMO
2025-07,WA,West Coast Machinery,Model J,J-STD,Plant 1,51,42,20,520,60,25,37,FY26-Q1-DEMO
2025-07,WA,West Coast Machinery,Model J,J-PRO,Plant 1,51,42,20,520,60,51,28,FY26-Q1-DEMO
2025-07,WA,West Coast Machinery,Model K,K-STD,Plant 3,52,52,23,480,60,26,38,FY26-Q1-DEMO
2025-07,WA,West Coast Machinery,Model K,K-LITE,Plant 3,52,52,23,480,60,47,42,FY26-Q1-DEMO
2025-07,WA,West Coast Machinery,Model L,L-STD,Plant 1,53,53,24,520,60,27,39,FY26-Q1-DEMO
2025-07,WA,West Coast Machinery,Model L,L-MAX,Plant 1,53,53,24,520,60,52,34,FY26-Q1-DEMO
2025-07,WA,Pilbara Supply,Model H,H-STD,Plant 2,49,51,23,420,40,44,35,FY26-Q1-DEMO
2025-07,WA,Pilbara Supply,Model H,H-XL,Plant 2,49,40,19,420,40,90,55,FY26-Q1-DEMO
2025-07,WA,Pilbara Supply,Model J,J-STD,Plant 1,51,42,20,520,60,42,37,FY26-Q1-DEMO
2025-07,WA,Pilbara Supply,Model J,J-PRO,Plant 1,51,42,20,520,60,56,28,FY26-Q1-DEMO
2025-07,WA,Pilbara Supply,Model K,K-STD,Plant 3,52,52,23,480,60,41,38,FY26-Q1-DEMO
2025-07,WA,Pilbara Supply,Model K,K-LITE,Plant 3,52,52,23,480,60,58,42,FY26-Q1-DEMO
2025-07,WA,Pilbara Supply,Model L,L-STD,Plant 1,53,53,24,520,60,40,39,FY26-Q1-DEMO
2025-07,WA,Pilbara Supply,Model L,L-MAX,Plant 1,53,53,24,520,60,55,34,FY26-Q1-DEMO
2025-07,SA,Southern Fleet,Model H,H-STD,Plant 2,59,62,27,420,40,56,35,FY26-Q1-DEMO
2025-07,SA,Southern Fleet,Model H,H-XL,Plant 2,59,48,22,420,40,90,55,FY26-Q1-DEMO
2025-07,SA,Southern Fleet,Model J,J-STD,Plant 1,61,61,26,520,60,54,37,FY26-Q1-DEMO
2025-07,SA,Southern Fleet,Model J,J-PRO,Plant 1,61,61,26,520,60,28,28,FY26-Q1-DEMO
2025-07,SA,Southern Fleet,Model K,K-STD,Plant 3,62,62,27,480,60,53,38,FY26-Q1-DEMO
2025-07,SA,Southern Fleet,Model K,K-LITE,Plant 3,62,62,27,480,60,58,42,FY26-Q1-DEMO
2025-07,SA,Southern Fleet,Model L,L-STD,Plant 1,63,57,25,520,60,52,39,FY26-Q1-DEMO
2025-07,SA,Southern Fleet,Model L,L-MAX,Plant 1,63,57,25,520,60,27,34,FY26-Q1-DEMO
2025-07,SA,Adelaide Channel,Model H,H-STD,Plant 2,59,62,27,420,40,44,35,FY26-Q1-DEMO
2025-07,SA,Adelaide Channel,Model H,H-XL,Plant 2,59,48,22,420,40,90,55,FY26-Q1-DEMO
2025-07,SA,Adelaide Channel,Model J,J-STD,Plant 1,61,61,26,520,60,42,37,FY26-Q1-DEMO
2025-07,SA,Adelaide Channel,Model J,J-PRO,Plant 1,61,61,26,520,60,56,28,FY26-Q1-DEMO
2025-07,SA,Adelaide Channel,Model K,K-STD,Plant 3,62,62,27,480,60,41,38,FY26-Q1-DEMO
2025-07,SA,Adelaide Channel,Model K,K-LITE,Plant 3,62,62,27,480,60,50,42,FY26-Q1-DEMO
2025-07,SA,Adelaide Channel,Model L,L-STD,Plant 1,63,57,25,520,60,40,39,FY26-Q1-DEMO
2025-07,SA,Adelaide Channel,Model L,L-MAX,Plant 1,63,57,25,520,60,55,34,FY26-Q1-DEMO
2025-08,QLD,Northside Motors,Model H,H-STD,Plant 2,48,58,25,420,36,56,35,FY26-Q1-DEMO
2025-08,QLD,Northside Motors,Model H,H-XL,Plant 2,48,45,21,420,36,98,58,FY26-Q1-DEMO
2025-08,QLD,Northside Motors,Model J,J-STD,Plant 1,46,46,21,520,59,58,37,FY26-Q1-DEMO
2025-08,QLD,Northside Motors,Model J,J-PRO,Plant 1,46,46,21,520,59,44,28,FY26-Q1-DEMO
2025-08,QLD,Northside Motors,Model K,K-STD,Plant 3,45,45,21,480,59,59,38,FY26-Q1-DEMO
2025-08,QLD,Northside Motors,Model K,K-LITE,Plant 3,45,45,21,480,59,58,42,FY26-Q1-DEMO
2025-08,QLD,Northside Motors,Model L,L-STD,Plant 1,44,44,20,520,59,20,39,FY26-Q1-DEMO
2025-08,QLD,Northside Motors,Model L,L-MAX,Plant 1,44,44,20,520,59,45,34,FY26-Q1-DEMO
2025-08,QLD,Coastal Equipment,Model H,H-STD,Plant 2,48,58,25,420,36,35,35,FY26-Q1-DEMO
2025-08,QLD,Coastal Equipment,Model H,H-XL,Plant 2,48,45,21,420,36,98,58,FY26-Q1-DEMO
2025-08,QLD,Coastal Equipment,Model J,J-STD,Plant 1,46,46,21,520,59,37,37,FY26-Q1-DEMO
2025-08,QLD,Coastal Equipment,Model J,J-PRO,Plant 1,46,46,21,520,59,23,28,FY26-Q1-DEMO
2025-08,QLD,Coastal Equipment,Model K,K-STD,Plant 3,45,45,21,480,59,38,38,FY26-Q1-DEMO
2025-08,QLD,Coastal Equipment,Model K,K-LITE,Plant 3,45,45,21,480,59,27,42,FY26-Q1-DEMO
2025-08,QLD,Coastal Equipment,Model L,L-STD,Plant 1,44,44,20,520,59,39,39,FY26-Q1-DEMO
2025-08,QLD,Coastal Equipment,Model L,L-MAX,Plant 1,44,44,20,520,59,24,34,FY26-Q1-DEMO
2025-08,NSW,Harbour Dealership,Model H,H-STD,Plant 2,51,59,26,420,36,24,35,FY26-Q1-DEMO
2025-08,NSW,Harbour Dealership,Model H,H-XL,Plant 2,51,46,21,420,36,98,58,FY26-Q1-DEMO
2025-08,NSW,Harbour Dealership,Model J,J-STD,Plant 1,53,53,24,520,59,22,37,FY26-Q1-DEMO
2025-08,NSW,Harbour Dealership,Model J,J-PRO,Plant 1,53,53,24,520,59,36,28,FY26-Q1-DEMO
2025-08,NSW,Harbour Dealership,Model K,K-STD,Plant 3,54,54,24,480,59,21,38,FY26-Q1-DEMO
2025-08,NSW,Harbour Dealership,Model K,K-LITE,Plant 3,54,54,24,480,59,58,42,FY26-Q1-DEMO
2025-08,NSW,Harbour Dealership,Model L,L-STD,Plant 1,55,55,24,520,59,20,39,FY26-Q1-DEMO
2025-08,NSW,Harbour Dealership,Model L,L-MAX,Plant 1,55,55,24,520,59,35,34,FY26-Q1-DEMO
2025-08,NSW,Western Plains,Model H,H-STD,Plant 2,51,59,26,420,36,27,35,FY26-Q1-DEMO
2025-08,NSW,Western Plains,Model H,H-XL,Plant 2,51,46,21,420,36,98,58,FY26-Q1-DEMO
2025-08,NSW,Western Plains,Model J,J-STD,Plant 1,53,53,24,520,59,29,37,FY26-Q1-DEMO
2025-08,NSW,Western Plains,Model J,J-PRO,Plant 1,53,53,24,520,59,55,28,FY26-Q1-DEMO
2025-08,NSW,Western Plains,Model K,K-STD,Plant 3,54,54,24,480,59,30,38,FY26-Q1-DEMO
2025-08,NSW,Western Plains,Model K,K-LITE,Plant 3,54,54,24,480,59,59,42,FY26-Q1-DEMO
2025-08,NSW,Western Plains,Model L,L-STD,Plant 1,55,55,24,520,59,31,39,FY26-Q1-DEMO
2025-08,NSW,Western Plains,Model L,L-MAX,Plant 1,55,55,24,520,59,56,34,FY26-Q1-DEMO
2025-08,VIC,Metro Industrial,Model H,H-STD,Plant 2,55,58,25,420,36,34,35,FY26-Q1-DEMO
2025-08,VIC,Metro Industrial,Model H,H-XL,Plant 2,55,45,21,420,36,98,58,FY26-Q1-DEMO
2025-08,VIC,Metro Industrial,Model J,J-STD,Plant 1,57,57,25,520,59,36,37,FY26-Q1-DEMO
2025-08,VIC,Metro Industrial,Model J,J-PRO,Plant 1,57,57,25,520,59,22,28,FY26-Q1-DEMO
2025-08,VIC,Metro Industrial,Model K,K-STD,Plant 3,58,55,24,480,59,37,38,FY26-Q1-DEMO
2025-08,VIC,Metro Industrial,Model K,K-LITE,Plant 3,58,55,24,480,59,36,42,FY26-Q1-DEMO
2025-08,VIC,Metro Industrial,Model L,L-STD,Plant 1,59,59,26,520,59,38,39,FY26-Q1-DEMO
2025-08,VIC,Metro Industrial,Model L,L-MAX,Plant 1,59,59,26,520,59,23,34,FY26-Q1-DEMO
2025-08,VIC,Gippsland Trade,Model H,H-STD,Plant 2,55,58,25,420,36,38,35,FY26-Q1-DEMO
2025-08,VIC,Gippsland Trade,Model H,H-XL,Plant 2,55,45,21,420,36,98,58,FY26-Q1-DEMO
2025-08,VIC,Gippsland Trade,Model J,J-STD,Plant 1,57,57,25,520,59,36,37,FY26-Q1-DEMO
2025-08,VIC,Gippsland Trade,Model J,J-PRO,Plant 1,57,57,25,520,59,50,28,FY26-Q1-DEMO
2025-08,VIC,Gippsland Trade,Model K,K-STD,Plant 3,58,55,24,480,59,35,38,FY26-Q1-DEMO
2025-08,VIC,Gippsland Trade,Model K,K-LITE,Plant 3,58,55,24,480,59,44,42,FY26-Q1-DEMO
2025-08,VIC,Gippsland Trade,Model L,L-STD,Plant 1,59,59,26,520,59,34,39,FY26-Q1-DEMO
2025-08,VIC,Gippsland Trade,Model L,L-MAX,Plant 1,59,59,26,520,59,49,34,FY26-Q1-DEMO
2025-08,WA,West Coast Machinery,Model H,H-STD,Plant 2,51,54,24,420,36,23,35,FY26-Q1-DEMO
2025-08,WA,West Coast Machinery,Model H,H-XL,Plant 2,51,42,20,420,36,98,58,FY26-Q1-DEMO
2025-08,WA,West Coast Machinery,Model J,J-STD,Plant 1,53,43,20,520,59,25,37,FY26-Q1-DEMO
2025-08,WA,West Coast Machinery,Model J,J-PRO,Plant 1,53,43,20,520,59,51,28,FY26-Q1-DEMO
2025-08,WA,West Coast Machinery,Model K,K-STD,Plant 3,54,54,24,480,59,26,38,FY26-Q1-DEMO
2025-08,WA,West Coast Machinery,Model K,K-LITE,Plant 3,54,54,24,480,59,47,42,FY26-Q1-DEMO
2025-08,WA,West Coast Machinery,Model L,L-STD,Plant 1,55,55,24,520,59,27,39,FY26-Q1-DEMO
2025-08,WA,West Coast Machinery,Model L,L-MAX,Plant 1,55,55,24,520,59,52,34,FY26-Q1-DEMO
2025-08,WA,Pilbara Supply,Model H,H-STD,Plant 2,51,54,24,420,36,44,35,FY26-Q1-DEMO
2025-08,WA,Pilbara Supply,Model H,H-XL,Plant 2,51,42,20,420,36,98,58,FY26-Q1-DEMO
2025-08,WA,Pilbara Supply,Model J,J-STD,Plant 1,53,43,20,520,59,42,37,FY26-Q1-DEMO
2025-08,WA,Pilbara Supply,Model J,J-PRO,Plant 1,53,43,20,520,59,56,28,FY26-Q1-DEMO
2025-08,WA,Pilbara Supply,Model K,K-STD,Plant 3,54,54,24,480,59,41,38,FY26-Q1-DEMO
2025-08,WA,Pilbara Supply,Model K,K-LITE,Plant 3,54,54,24,480,59,58,42,FY26-Q1-DEMO
2025-08,WA,Pilbara Supply,Model L,L-STD,Plant 1,55,55,24,520,59,40,39,FY26-Q1-DEMO
2025-08,WA,Pilbara Supply,Model L,L-MAX,Plant 1,55,55,24,520,59,55,34,FY26-Q1-DEMO
2025-08,SA,Southern Fleet,Model H,H-STD,Plant 2,61,64,27,420,36,56,35,FY26-Q1-DEMO
2025-08,SA,Southern Fleet,Model H,H-XL,Plant 2,61,50,23,420,36,98,58,FY26-Q1-DEMO
2025-08,SA,Southern Fleet,Model J,J-STD,Plant 1,63,63,27,520,59,54,37,FY26-Q1-DEMO
2025-08,SA,Southern Fleet,Model J,J-PRO,Plant 1,63,63,27,520,59,28,28,FY26-Q1-DEMO
2025-08,SA,Southern Fleet,Model K,K-STD,Plant 3,64,64,27,480,59,53,38,FY26-Q1-DEMO
2025-08,SA,Southern Fleet,Model K,K-LITE,Plant 3,64,64,27,480,59,58,42,FY26-Q1-DEMO
2025-08,SA,Southern Fleet,Model L,L-STD,Plant 1,65,57,25,520,59,52,39,FY26-Q1-DEMO
2025-08,SA,Southern Fleet,Model L,L-MAX,Plant 1,65,57,25,520,59,27,34,FY26-Q1-DEMO
2025-08,SA,Adelaide Channel,Model H,H-STD,Plant 2,61,64,27,420,36,44,35,FY26-Q1-DEMO
2025-08,SA,Adelaide Channel,Model H,H-XL,Plant 2,61,50,23,420,36,98,58,FY26-Q1-DEMO
2025-08,SA,Adelaide Channel,Model J,J-STD,Plant 1,63,63,27,520,59,42,37,FY26-Q1-DEMO
2025-08,SA,Adelaide Channel,Model J,J-PRO,Plant 1,63,63,27,520,59,56,28,FY26-Q1-DEMO
2025-08,SA,Adelaide Channel,Model K,K-STD,Plant 3,64,64,27,480,59,41,38,FY26-Q1-DEMO
2025-08,SA,Adelaide Channel,Model K,K-LITE,Plant 3,64,64,27,480,59,50,42,FY26-Q1-DEMO
2025-08,SA,Adelaide Channel,Model L,L-STD,Plant 1,65,57,25,520,59,40,39,FY26-Q1-DEMO
2025-08,SA,Adelaide Channel,Model L,L-MAX,Plant 1,65,57,25,520,59,55,34,FY26-Q1-DEMO
2025-09,QLD,Northside Motors,Model H,H-STD,Plant 2,50,62,27,420,32,56,35,FY26-Q1-DEMO
2025-09,QLD,Northside Motors,Model H,H-XL,Plant 2,50,48,22,420,32,106,61,FY26-Q1-DEMO
2025-09,QLD,Northside Motors,Model J,J-STD,Plant 1,48,48,22,520,58,58,37,FY26-Q1-DEMO
2025-09,QLD,Northside Motors,Model J,J-PRO,Plant 1,48,48,22,520,58,44,28,FY26-Q1-DEMO
2025-09,QLD,Northside Motors,Model K,K-STD,Plant 3,47,47,21,480,58,59,38,FY26-Q1-DEMO
2025-09,QLD,Northside Motors,Model K,K-LITE,Plant 3,47,47,21,480,58,58,42,FY26-Q1-DEMO
2025-09,QLD,Northside Motors,Model L,L-STD,Plant 1,46,46,21,520,58,20,39,FY26-Q1-DEMO
2025-09,QLD,Northside Motors,Model L,L-MAX,Plant 1,46,46,21,520,58,45,34,FY26-Q1-DEMO
2025-09,QLD,Coastal Equipment,Model H,H-STD,Plant 2,50,62,27,420,32,35,35,FY26-Q1-DEMO
2025-09,QLD,Coastal Equipment,Model H,H-XL,Plant 2,50,48,22,420,32,106,61,FY26-Q1-DEMO
2025-09,QLD,Coastal Equipment,Model J,J-STD,Plant 1,48,48,22,520,58,37,37,FY26-Q1-DEMO
2025-09,QLD,Coastal Equipment,Model J,J-PRO,Plant 1,48,48,22,520,58,23,28,FY26-Q1-DEMO
2025-09,QLD,Coastal Equipment,Model K,K-STD,Plant 3,47,47,21,480,58,38,38,FY26-Q1-DEMO
2025-09,QLD,Coastal Equipment,Model K,K-LITE,Plant 3,47,47,21,480,58,27,42,FY26-Q1-DEMO
2025-09,QLD,Coastal Equipment,Model L,L-STD,Plant 1,46,46,21,520,58,39,39,FY26-Q1-DEMO
2025-09,QLD,Coastal Equipment,Model L,L-MAX,Plant 1,46,46,21,520,58,24,34,FY26-Q1-DEMO
2025-09,NSW,Harbour Dealership,Model H,H-STD,Plant 2,53,62,27,420,32,24,35,FY26-Q1-DEMO
2025-09,NSW,Harbour Dealership,Model H,H-XL,Plant 2,53,48,22,420,32,106,61,FY26-Q1-DEMO
2025-09,NSW,Harbour Dealership,Model J,J-STD,Plant 1,55,55,24,520,58,22,37,FY26-Q1-DEMO
2025-09,NSW,Harbour Dealership,Model J,J-PRO,Plant 1,55,55,24,520,58,36,28,FY26-Q1-DEMO
2025-09,NSW,Harbour Dealership,Model K,K-STD,Plant 3,56,56,25,480,58,21,38,FY26-Q1-DEMO
2025-09,NSW,Harbour Dealership,Model K,K-LITE,Plant 3,56,56,25,480,58,58,42,FY26-Q1-DEMO
2025-09,NSW,Harbour Dealership,Model L,L-STD,Plant 1,57,57,25,520,58,20,39,FY26-Q1-DEMO
2025-09,NSW,Harbour Dealership,Model L,L-MAX,Plant 1,57,57,25,520,58,35,34,FY26-Q1-DEMO
2025-09,NSW,Western Plains,Model H,H-STD,Plant 2,53,62,27,420,32,27,35,FY26-Q1-DEMO
2025-09,NSW,Western Plains,Model H,H-XL,Plant 2,53,48,22,420,32,106,61,FY26-Q1-DEMO
2025-09,NSW,Western Plains,Model J,J-STD,Plant 1,55,55,24,520,58,29,37,FY26-Q1-DEMO
2025-09,NSW,Western Plains,Model J,J-PRO,Plant 1,55,55,24,520,58,55,28,FY26-Q1-DEMO
2025-09,NSW,Western Plains,Model K,K-STD,Plant 3,56,56,25,480,58,30,38,FY26-Q1-DEMO
2025-09,NSW,Western Plains,Model K,K-LITE,Plant 3,56,56,25,480,58,59,42,FY26-Q1-DEMO
2025-09,NSW,Western Plains,Model L,L-STD,Plant 1,57,57,25,520,58,31,39,FY26-Q1-DEMO
2025-09,NSW,Western Plains,Model L,L-MAX,Plant 1,57,57,25,520,58,56,34,FY26-Q1-DEMO
2025-09,VIC,Metro Industrial,Model H,H-STD,Plant 2,57,60,26,420,32,34,35,FY26-Q1-DEMO
2025-09,VIC,Metro Industrial,Model H,H-XL,Plant 2,57,47,21,420,32,106,61,FY26-Q1-DEMO
2025-09,VIC,Metro Industrial,Model J,J-STD,Plant 1,59,59,26,520,58,36,37,FY26-Q1-DEMO
2025-09,VIC,Metro Industrial,Model J,J-PRO,Plant 1,59,59,26,520,58,22,28,FY26-Q1-DEMO
2025-09,VIC,Metro Industrial,Model K,K-STD,Plant 3,60,56,25,480,58,37,38,FY26-Q1-DEMO
2025-09,VIC,Metro Industrial,Model K,K-LITE,Plant 3,60,56,25,480,58,36,42,FY26-Q1-DEMO
2025-09,VIC,Metro Industrial,Model L,L-STD,Plant 1,61,61,26,520,58,38,39,FY26-Q1-DEMO
2025-09,VIC,Metro Industrial,Model L,L-MAX,Plant 1,61,61,26,520,58,23,34,FY26-Q1-DEMO
2025-09,VIC,Gippsland Trade,Model H,H-STD,Plant 2,57,60,26,420,32,38,35,FY26-Q1-DEMO
2025-09,VIC,Gippsland Trade,Model H,H-XL,Plant 2,57,47,21,420,32,106,61,FY26-Q1-DEMO
2025-09,VIC,Gippsland Trade,Model J,J-STD,Plant 1,59,59,26,520,58,36,37,FY26-Q1-DEMO
2025-09,VIC,Gippsland Trade,Model J,J-PRO,Plant 1,59,59,26,520,58,50,28,FY26-Q1-DEMO
2025-09,VIC,Gippsland Trade,Model K,K-STD,Plant 3,60,56,25,480,58,35,38,FY26-Q1-DEMO
2025-09,VIC,Gippsland Trade,Model K,K-LITE,Plant 3,60,56,25,480,58,44,42,FY26-Q1-DEMO
2025-09,VIC,Gippsland Trade,Model L,L-STD,Plant 1,61,61,26,520,58,34,39,FY26-Q1-DEMO
2025-09,VIC,Gippsland Trade,Model L,L-MAX,Plant 1,61,61,26,520,58,49,34,FY26-Q1-DEMO
2025-09,WA,West Coast Machinery,Model H,H-STD,Plant 2,53,56,25,420,32,23,35,FY26-Q1-DEMO
2025-09,WA,West Coast Machinery,Model H,H-XL,Plant 2,53,44,20,420,32,106,61,FY26-Q1-DEMO
2025-09,WA,West Coast Machinery,Model J,J-STD,Plant 1,55,44,20,520,58,25,37,FY26-Q1-DEMO
2025-09,WA,West Coast Machinery,Model J,J-PRO,Plant 1,55,44,20,520,58,51,28,FY26-Q1-DEMO
2025-09,WA,West Coast Machinery,Model K,K-STD,Plant 3,56,56,25,480,58,26,38,FY26-Q1-DEMO
2025-09,WA,West Coast Machinery,Model K,K-LITE,Plant 3,56,56,25,480,58,47,42,FY26-Q1-DEMO
2025-09,WA,West Coast Machinery,Model L,L-STD,Plant 1,57,57,25,520,58,27,39,FY26-Q1-DEMO
2025-09,WA,West Coast Machinery,Model L,L-MAX,Plant 1,57,57,25,520,58,52,34,FY26-Q1-DEMO
2025-09,WA,Pilbara Supply,Model H,H-STD,Plant 2,53,56,25,420,32,44,35,FY26-Q1-DEMO
2025-09,WA,Pilbara Supply,Model H,H-XL,Plant 2,53,44,20,420,32,106,61,FY26-Q1-DEMO
2025-09,WA,Pilbara Supply,Model J,J-STD,Plant 1,55,44,20,520,58,42,37,FY26-Q1-DEMO
2025-09,WA,Pilbara Supply,Model J,J-PRO,Plant 1,55,44,20,520,58,56,28,FY26-Q1-DEMO
2025-09,WA,Pilbara Supply,Model K,K-STD,Plant 3,56,56,25,480,58,41,38,FY26-Q1-DEMO
2025-09,WA,Pilbara Supply,Model K,K-LITE,Plant 3,56,56,25,480,58,58,42,FY26-Q1-DEMO
2025-09,WA,Pilbara Supply,Model L,L-STD,Plant 1,57,57,25,520,58,40,39,FY26-Q1-DEMO
2025-09,WA,Pilbara Supply,Model L,L-MAX,Plant 1,57,57,25,520,58,55,34,FY26-Q1-DEMO
2025-09,SA,Southern Fleet,Model H,H-STD,Plant 2,63,66,28,420,32,56,35,FY26-Q1-DEMO
2025-09,SA,Southern Fleet,Model H,H-XL,Plant 2,63,51,23,420,32,106,61,FY26-Q1-DEMO
2025-09,SA,Southern Fleet,Model J,J-STD,Plant 1,65,65,28,520,58,54,37,FY26-Q1-DEMO
2025-09,SA,Southern Fleet,Model J,J-PRO,Plant 1,65,65,28,520,58,28,28,FY26-Q1-DEMO
2025-09,SA,Southern Fleet,Model K,K-STD,Plant 3,66,66,28,480,58,53,38,FY26-Q1-DEMO
2025-09,SA,Southern Fleet,Model K,K-LITE,Plant 3,66,66,28,480,58,58,42,FY26-Q1-DEMO
2025-09,SA,Southern Fleet,Model L,L-STD,Plant 1,67,57,25,520,58,52,39,FY26-Q1-DEMO
2025-09,SA,Southern Fleet,Model L,L-MAX,Plant 1,67,57,25,520,58,27,34,FY26-Q1-DEMO
2025-09,SA,Adelaide Channel,Model H,H-STD,Plant 2,63,66,28,420,32,44,35,FY26-Q1-DEMO
2025-09,SA,Adelaide Channel,Model H,H-XL,Plant 2,63,51,23,420,32,106,61,FY26-Q1-DEMO
2025-09,SA,Adelaide Channel,Model J,J-STD,Plant 1,65,65,28,520,58,42,37,FY26-Q1-DEMO
2025-09,SA,Adelaide Channel,Model J,J-PRO,Plant 1,65,65,28,520,58,56,28,FY26-Q1-DEMO
2025-09,SA,Adelaide Channel,Model K,K-STD,Plant 3,66,66,28,480,58,41,38,FY26-Q1-DEMO
2025-09,SA,Adelaide Channel,Model K,K-LITE,Plant 3,66,66,28,480,58,50,42,FY26-Q1-DEMO
2025-09,SA,Adelaide Channel,Model L,L-STD,Plant 1,67,57,25,520,58,40,39,FY26-Q1-DEMO
2025-09,SA,Adelaide Channel,Model L,L-MAX,Plant 1,67,57,25,520,58,55,34,FY26-Q1-DEMO
2025-10,QLD,Northside Motors,Model H,H-STD,Plant 2,52,66,28,420,28,56,35,FY26-Q1-DEMO
2025-10,QLD,Northside Motors,Model H,H-XL,Plant 2,52,51,23,420,28,114,64,FY26-Q1-DEMO
2025-10,QLD,Northside Motors,Model J,J-STD,Plant 1,50,50,23,520,57,58,37,FY26-Q1-DEMO
2025-10,QLD,Northside Motors,Model J,J-PRO,Plant 1,50,50,23,520,57,44,28,FY26-Q1-DEMO
2025-10,QLD,Northside Motors,Model K,K-STD,Plant 3,49,49,22,480,57,59,38,FY26-Q1-DEMO
2025-10,QLD,Northside Motors,Model K,K-LITE,Plant 3,49,49,22,480,57,58,42,FY26-Q1-DEMO
2025-10,QLD,Northside Motors,Model L,L-STD,Plant 1,48,48,22,520,57,20,39,FY26-Q1-DEMO
2025-10,QLD,Northside Motors,Model L,L-MAX,Plant 1,48,48,22,520,57,45,34,FY26-Q1-DEMO
2025-10,QLD,Coastal Equipment,Model H,H-STD,Plant 2,52,66,28,420,28,35,35,FY26-Q1-DEMO
2025-10,QLD,Coastal Equipment,Model H,H-XL,Plant 2,52,51,23,420,28,114,64,FY26-Q1-DEMO
2025-10,QLD,Coastal Equipment,Model J,J-STD,Plant 1,50,50,23,520,57,37,37,FY26-Q1-DEMO
2025-10,QLD,Coastal Equipment,Model J,J-PRO,Plant 1,50,50,23,520,57,23,28,FY26-Q1-DEMO
2025-10,QLD,Coastal Equipment,Model K,K-STD,Plant 3,49,49,22,480,57,38,38,FY26-Q1-DEMO
2025-10,QLD,Coastal Equipment,Model K,K-LITE,Plant 3,49,49,22,480,57,27,42,FY26-Q1-DEMO
2025-10,QLD,Coastal Equipment,Model L,L-STD,Plant 1,48,48,22,520,57,39,39,FY26-Q1-DEMO
2025-10,QLD,Coastal Equipment,Model L,L-MAX,Plant 1,48,48,22,520,57,24,34,FY26-Q1-DEMO
2025-10,NSW,Harbour Dealership,Model H,H-STD,Plant 2,55,66,28,420,28,24,35,FY26-Q1-DEMO
2025-10,NSW,Harbour Dealership,Model H,H-XL,Plant 2,55,51,23,420,28,114,64,FY26-Q1-DEMO
2025-10,NSW,Harbour Dealership,Model J,J-STD,Plant 1,57,57,25,520,57,22,37,FY26-Q1-DEMO
2025-10,NSW,Harbour Dealership,Model J,J-PRO,Plant 1,57,57,25,520,57,36,28,FY26-Q1-DEMO
2025-10,NSW,Harbour Dealership,Model K,K-STD,Plant 3,58,58,25,480,57,21,38,FY26-Q1-DEMO
2025-10,NSW,Harbour Dealership,Model K,K-LITE,Plant 3,58,58,25,480,57,58,42,FY26-Q1-DEMO
2025-10,NSW,Harbour Dealership,Model L,L-STD,Plant 1,59,59,26,520,57,20,39,FY26-Q1-DEMO
2025-10,NSW,Harbour Dealership,Model L,L-MAX,Plant 1,59,59,26,520,57,35,34,FY26-Q1-DEMO
2025-10,NSW,Western Plains,Model H,H-STD,Plant 2,55,66,28,420,28,27,35,FY26-Q1-DEMO
2025-10,NSW,Western Plains,Model H,H-XL,Plant 2,55,51,23,420,28,114,64,FY26-Q1-DEMO
2025-10,NSW,Western Plains,Model J,J-STD,Plant 1,57,57,25,520,57,29,37,FY26-Q1-DEMO
2025-10,NSW,Western Plains,Model J,J-PRO,Plant 1,57,57,25,520,57,55,28,FY26-Q1-DEMO
2025-10,NSW,Western Plains,Model K,K-STD,Plant 3,58,58,25,480,57,30,38,FY26-Q1-DEMO
2025-10,NSW,Western Plains,Model K,K-LITE,Plant 3,58,58,25,480,57,59,42,FY26-Q1-DEMO
2025-10,NSW,Western Plains,Model L,L-STD,Plant 1,59,59,26,520,57,31,39,FY26-Q1-DEMO
2025-10,NSW,Western Plains,Model L,L-MAX,Plant 1,59,59,26,520,57,56,34,FY26-Q1-DEMO
2025-10,VIC,Metro Industrial,Model H,H-STD,Plant 2,59,62,27,420,28,34,35,FY26-Q1-DEMO
2025-10,VIC,Metro Industrial,Model H,H-XL,Plant 2,59,48,22,420,28,114,64,FY26-Q1-DEMO
2025-10,VIC,Metro Industrial,Model J,J-STD,Plant 1,61,61,26,520,57,36,37,FY26-Q1-DEMO
2025-10,VIC,Metro Industrial,Model J,J-PRO,Plant 1,61,61,26,520,57,22,28,FY26-Q1-DEMO
2025-10,VIC,Metro Industrial,Model K,K-STD,Plant 3,62,58,25,480,57,37,38,FY26-Q1-DEMO
2025-10,VIC,Metro Industrial,Model K,K-LITE,Plant 3,62,58,25,480,57,36,42,FY26-Q1-DEMO
2025-10,VIC,Metro Industrial,Model L,L-STD,Plant 1,63,63,27,520,57,38,39,FY26-Q1-DEMO
2025-10,VIC,Metro Industrial,Model L,L-MAX,Plant 1,63,63,27,520,57,23,34,FY26-Q1-DEMO
2025-10,VIC,Gippsland Trade,Model H,H-STD,Plant 2,59,62,27,420,28,38,35,FY26-Q1-DEMO
2025-10,VIC,Gippsland Trade,Model H,H-XL,Plant 2,59,48,22,420,28,114,64,FY26-Q1-DEMO
2025-10,VIC,Gippsland Trade,Model J,J-STD,Plant 1,61,61,26,520,57,36,37,FY26-Q1-DEMO
2025-10,VIC,Gippsland Trade,Model J,J-PRO,Plant 1,61,61,26,520,57,50,28,FY26-Q1-DEMO
2025-10,VIC,Gippsland Trade,Model K,K-STD,Plant 3,62,58,25,480,57,35,38,FY26-Q1-DEMO
2025-10,VIC,Gippsland Trade,Model K,K-LITE,Plant 3,62,58,25,480,57,44,42,FY26-Q1-DEMO
2025-10,VIC,Gippsland Trade,Model L,L-STD,Plant 1,63,63,27,520,57,34,39,FY26-Q1-DEMO
2025-10,VIC,Gippsland Trade,Model L,L-MAX,Plant 1,63,63,27,520,57,49,34,FY26-Q1-DEMO
2025-10,WA,West Coast Machinery,Model H,H-STD,Plant 2,55,58,25,420,28,23,35,FY26-Q1-DEMO
2025-10,WA,West Coast Machinery,Model H,H-XL,Plant 2,55,45,21,420,28,114,64,FY26-Q1-DEMO
2025-10,WA,West Coast Machinery,Model J,J-STD,Plant 1,57,45,21,520,57,25,37,FY26-Q1-DEMO
2025-10,WA,West Coast Machinery,Model J,J-PRO,Plant 1,57,45,21,520,57,51,28,FY26-Q1-DEMO
2025-10,WA,West Coast Machinery,Model K,K-STD,Plant 3,58,58,25,480,57,26,38,FY26-Q1-DEMO
2025-10,WA,West Coast Machinery,Model K,K-LITE,Plant 3,58,58,25,480,57,47,42,FY26-Q1-DEMO
2025-10,WA,West Coast Machinery,Model L,L-STD,Plant 1,59,59,26,520,57,27,39,FY26-Q1-DEMO
2025-10,WA,West Coast Machinery,Model L,L-MAX,Plant 1,59,59,26,520,57,52,34,FY26-Q1-DEMO
2025-10,WA,Pilbara Supply,Model H,H-STD,Plant 2,55,58,25,420,28,44,35,FY26-Q1-DEMO
2025-10,WA,Pilbara Supply,Model H,H-XL,Plant 2,55,45,21,420,28,114,64,FY26-Q1-DEMO
2025-10,WA,Pilbara Supply,Model J,J-STD,Plant 1,57,45,21,520,57,42,37,FY26-Q1-DEMO
2025-10,WA,Pilbara Supply,Model J,J-PRO,Plant 1,57,45,21,520,57,56,28,FY26-Q1-DEMO
2025-10,WA,Pilbara Supply,Model K,K-STD,Plant 3,58,58,25,480,57,41,38,FY26-Q1-DEMO
2025-10,WA,Pilbara Supply,Model K,K-LITE,Plant 3,58,58,25,480,57,58,42,FY26-Q1-DEMO
2025-10,WA,Pilbara Supply,Model L,L-STD,Plant 1,59,59,26,520,57,40,39,FY26-Q1-DEMO
2025-10,WA,Pilbara Supply,Model L,L-MAX,Plant 1,59,59,26,520,57,55,34,FY26-Q1-DEMO
2025-10,SA,Southern Fleet,Model H,H-STD,Plant 2,65,68,29,420,28,56,35,FY26-Q1-DEMO
2025-10,SA,Southern Fleet,Model H,H-XL,Plant 2,65,53,24,420,28,114,64,FY26-Q1-DEMO
2025-10,SA,Southern Fleet,Model J,J-STD,Plant 1,67,67,28,520,57,54,37,FY26-Q1-DEMO
2025-10,SA,Southern Fleet,Model J,J-PRO,Plant 1,67,67,28,520,57,28,28,FY26-Q1-DEMO
2025-10,SA,Southern Fleet,Model K,K-STD,Plant 3,68,68,29,480,57,53,38,FY26-Q1-DEMO
2025-10,SA,Southern Fleet,Model K,K-LITE,Plant 3,68,68,29,480,57,58,42,FY26-Q1-DEMO
2025-10,SA,Southern Fleet,Model L,L-STD,Plant 1,69,57,25,520,57,52,39,FY26-Q1-DEMO
2025-10,SA,Southern Fleet,Model L,L-MAX,Plant 1,69,57,25,520,57,27,34,FY26-Q1-DEMO
2025-10,SA,Adelaide Channel,Model H,H-STD,Plant 2,65,68,29,420,28,44,35,FY26-Q1-DEMO
2025-10,SA,Adelaide Channel,Model H,H-XL,Plant 2,65,53,24,420,28,114,64,FY26-Q1-DEMO
2025-10,SA,Adelaide Channel,Model J,J-STD,Plant 1,67,67,28,520,57,42,37,FY26-Q1-DEMO
2025-10,SA,Adelaide Channel,Model J,J-PRO,Plant 1,67,67,28,520,57,56,28,FY26-Q1-DEMO
2025-10,SA,Adelaide Channel,Model K,K-STD,Plant 3,68,68,29,480,57,41,38,FY26-Q1-DEMO
2025-10,SA,Adelaide Channel,Model K,K-LITE,Plant 3,68,68,29,480,57,50,42,FY26-Q1-DEMO
2025-10,SA,Adelaide Channel,Model L,L-STD,Plant 1,69,57,25,520,57,40,39,FY26-Q1-DEMO
2025-10,SA,Adelaide Channel,Model L,L-MAX,Plant 1,69,57,25,520,57,55,34,FY26-Q1-DEMO
2025-11,QLD,Northside Motors,Model H,H-STD,Plant 2,54,70,30,420,24,56,35,FY26-Q1-DEMO
2025-11,QLD,Northside Motors,Model H,H-XL,Plant 2,54,55,24,420,24,122,67,FY26-Q1-DEMO
2025-11,QLD,Northside Motors,Model J,J-STD,Plant 1,52,52,23,520,56,58,37,FY26-Q1-DEMO
2025-11,QLD,Northside Motors,Model J,J-PRO,Plant 1,52,52,23,520,56,44,28,FY26-Q1-DEMO
2025-11,QLD,Northside Motors,Model K,K-STD,Plant 3,51,51,23,480,56,59,38,FY26-Q1-DEMO
2025-11,QLD,Northside Motors,Model K,K-LITE,Plant 3,51,51,23,480,56,58,42,FY26-Q1-DEMO
2025-11,QLD,Northside Motors,Model L,L-STD,Plant 1,50,50,23,520,56,20,39,FY26-Q1-DEMO
2025-11,QLD,Northside Motors,Model L,L-MAX,Plant 1,50,50,23,520,56,45,34,FY26-Q1-DEMO
2025-11,QLD,Coastal Equipment,Model H,H-STD,Plant 2,54,70,30,420,24,35,35,FY26-Q1-DEMO
2025-11,QLD,Coastal Equipment,Model H,H-XL,Plant 2,54,55,24,420,24,122,67,FY26-Q1-DEMO
2025-11,QLD,Coastal Equipment,Model J,J-STD,Plant 1,52,52,23,520,56,37,37,FY26-Q1-DEMO
2025-11,QLD,Coastal Equipment,Model J,J-PRO,Plant 1,52,52,23,520,56,23,28,FY26-Q1-DEMO
2025-11,QLD,Coastal Equipment,Model K,K-STD,Plant 3,51,51,23,480,56,38,38,FY26-Q1-DEMO
2025-11,QLD,Coastal Equipment,Model K,K-LITE,Plant 3,51,51,23,480,56,27,42,FY26-Q1-DEMO
2025-11,QLD,Coastal Equipment,Model L,L-STD,Plant 1,50,50,23,520,56,39,39,FY26-Q1-DEMO
2025-11,QLD,Coastal Equipment,Model L,L-MAX,Plant 1,50,50,23,520,56,24,34,FY26-Q1-DEMO
2025-11,NSW,Harbour Dealership,Model H,H-STD,Plant 2,57,70,30,420,24,24,35,FY26-Q1-DEMO
2025-11,NSW,Harbour Dealership,Model H,H-XL,Plant 2,57,55,24,420,24,122,67,FY26-Q1-DEMO
2025-11,NSW,Harbour Dealership,Model J,J-STD,Plant 1,59,59,26,520,56,22,37,FY26-Q1-DEMO
2025-11,NSW,Harbour Dealership,Model J,J-PRO,Plant 1,59,59,26,520,56,36,28,FY26-Q1-DEMO
2025-11,NSW,Harbour Dealership,Model K,K-STD,Plant 3,60,60,26,480,56,21,38,FY26-Q1-DEMO
2025-11,NSW,Harbour Dealership,Model K,K-LITE,Plant 3,60,60,26,480,56,58,42,FY26-Q1-DEMO
2025-11,NSW,Harbour Dealership,Model L,L-STD,Plant 1,61,61,26,520,56,20,39,FY26-Q1-DEMO
2025-11,NSW,Harbour Dealership,Model L,L-MAX,Plant 1,61,61,26,520,56,35,34,FY26-Q1-DEMO
2025-11,NSW,Western Plains,Model H,H-STD,Plant 2,57,70,30,420,24,27,35,FY26-Q1-DEMO
2025-11,NSW,Western Plains,Model H,H-XL,Plant 2,57,55,24,420,24,122,67,FY26-Q1-DEMO
2025-11,NSW,Western Plains,Model J,J-STD,Plant 1,59,59,26,520,56,29,37,FY26-Q1-DEMO
2025-11,NSW,Western Plains,Model J,J-PRO,Plant 1,59,59,26,520,56,55,28,FY26-Q1-DEMO
2025-11,NSW,Western Plains,Model K,K-STD,Plant 3,60,60,26,480,56,30,38,FY26-Q1-DEMO
2025-11,NSW,Western Plains,Model K,K-LITE,Plant 3,60,60,26,480,56,59,42,FY26-Q1-DEMO
2025-11,NSW,Western Plains,Model L,L-STD,Plant 1,61,61,26,520,56,31,39,FY26-Q1-DEMO
2025-11,NSW,Western Plains,Model L,L-MAX,Plant 1,61,61,26,520,56,56,34,FY26-Q1-DEMO
2025-11,VIC,Metro Industrial,Model H,H-STD,Plant 2,61,64,27,420,24,34,35,FY26-Q1-DEMO
2025-11,VIC,Metro Industrial,Model H,H-XL,Plant 2,61,50,23,420,24,122,67,FY26-Q1-DEMO
2025-11,VIC,Metro Industrial,Model J,J-STD,Plant 1,63,63,27,520,56,36,37,FY26-Q1-DEMO
2025-11,VIC,Metro Industrial,Model J,J-PRO,Plant 1,63,63,27,520,56,22,28,FY26-Q1-DEMO
2025-11,VIC,Metro Industrial,Model K,K-STD,Plant 3,64,60,26,480,56,37,38,FY26-Q1-DEMO
2025-11,VIC,Metro Industrial,Model K,K-LITE,Plant 3,64,60,26,480,56,36,42,FY26-Q1-DEMO
2025-11,VIC,Metro Industrial,Model L,L-STD,Plant 1,65,65,28,520,56,38,39,FY26-Q1-DEMO
2025-11,VIC,Metro Industrial,Model L,L-MAX,Plant 1,65,65,28,520,56,23,34,FY26-Q1-DEMO
2025-11,VIC,Gippsland Trade,Model H,H-STD,Plant 2,61,64,27,420,24,38,35,FY26-Q1-DEMO
2025-11,VIC,Gippsland Trade,Model H,H-XL,Plant 2,61,50,23,420,24,122,67,FY26-Q1-DEMO
2025-11,VIC,Gippsland Trade,Model J,J-STD,Plant 1,63,63,27,520,56,36,37,FY26-Q1-DEMO
2025-11,VIC,Gippsland Trade,Model J,J-PRO,Plant 1,63,63,27,520,56,50,28,FY26-Q1-DEMO
2025-11,VIC,Gippsland Trade,Model K,K-STD,Plant 3,64,60,26,480,56,35,38,FY26-Q1-DEMO
2025-11,VIC,Gippsland Trade,Model K,K-LITE,Plant 3,64,60,26,480,56,44,42,FY26-Q1-DEMO
2025-11,VIC,Gippsland Trade,Model L,L-STD,Plant 1,65,65,28,520,56,34,39,FY26-Q1-DEMO
2025-11,VIC,Gippsland Trade,Model L,L-MAX,Plant 1,65,65,28,520,56,49,34,FY26-Q1-DEMO
2025-11,WA,West Coast Machinery,Model H,H-STD,Plant 2,57,60,26,420,24,23,35,FY26-Q1-DEMO
2025-11,WA,West Coast Machinery,Model H,H-XL,Plant 2,57,47,21,420,24,122,67,FY26-Q1-DEMO
2025-11,WA,West Coast Machinery,Model J,J-STD,Plant 1,59,46,21,520,56,25,37,FY26-Q1-DEMO
2025-11,WA,West Coast Machinery,Model J,J-PRO,Plant 1,59,46,21,520,56,51,28,FY26-Q1-DEMO
2025-11,WA,West Coast Machinery,Model K,K-STD,Plant 3,60,60,26,480,56,26,38,FY26-Q1-DEMO
2025-11,WA,West Coast Machinery,Model K,K-LITE,Plant 3,60,60,26,480,56,47,42,FY26-Q1-DEMO
2025-11,WA,West Coast Machinery,Model L,L-STD,Plant 1,61,61,26,520,56,27,39,FY26-Q1-DEMO
2025-11,WA,West Coast Machinery,Model L,L-MAX,Plant 1,61,61,26,520,56,52,34,FY26-Q1-DEMO
2025-11,WA,Pilbara Supply,Model H,H-STD,Plant 2,57,60,26,420,24,44,35,FY26-Q1-DEMO
2025-11,WA,Pilbara Supply,Model H,H-XL,Plant 2,57,47,21,420,24,122,67,FY26-Q1-DEMO
2025-11,WA,Pilbara Supply,Model J,J-STD,Plant 1,59,46,21,520,56,42,37,FY26-Q1-DEMO
2025-11,WA,Pilbara Supply,Model J,J-PRO,Plant 1,59,46,21,520,56,56,28,FY26-Q1-DEMO
2025-11,WA,Pilbara Supply,Model K,K-STD,Plant 3,60,60,26,480,56,41,38,FY26-Q1-DEMO
2025-11,WA,Pilbara Supply,Model K,K-LITE,Plant 3,60,60,26,480,56,58,42,FY26-Q1-DEMO
2025-11,WA,Pilbara Supply,Model L,L-STD,Plant 1,61,61,26,520,56,40,39,FY26-Q1-DEMO
2025-11,WA,Pilbara Supply,Model L,L-MAX,Plant 1,61,61,26,520,56,55,34,FY26-Q1-DEMO
2025-11,SA,Southern Fleet,Model H,H-STD,Plant 2,67,70,30,420,24,56,35,FY26-Q1-DEMO
2025-11,SA,Southern Fleet,Model H,H-XL,Plant 2,67,55,24,420,24,122,67,FY26-Q1-DEMO
2025-11,SA,Southern Fleet,Model J,J-STD,Plant 1,69,69,29,520,56,54,37,FY26-Q1-DEMO
2025-11,SA,Southern Fleet,Model J,J-PRO,Plant 1,69,69,29,520,56,28,28,FY26-Q1-DEMO
2025-11,SA,Southern Fleet,Model K,K-STD,Plant 3,70,70,30,480,56,53,38,FY26-Q1-DEMO
2025-11,SA,Southern Fleet,Model K,K-LITE,Plant 3,70,70,30,480,56,58,42,FY26-Q1-DEMO
2025-11,SA,Southern Fleet,Model L,L-STD,Plant 1,71,57,25,520,56,52,39,FY26-Q1-DEMO
2025-11,SA,Southern Fleet,Model L,L-MAX,Plant 1,71,57,25,520,56,27,34,FY26-Q1-DEMO
2025-11,SA,Adelaide Channel,Model H,H-STD,Plant 2,67,70,30,420,24,44,35,FY26-Q1-DEMO
2025-11,SA,Adelaide Channel,Model H,H-XL,Plant 2,67,55,24,420,24,122,67,FY26-Q1-DEMO
2025-11,SA,Adelaide Channel,Model J,J-STD,Plant 1,69,69,29,520,56,42,37,FY26-Q1-DEMO
2025-11,SA,Adelaide Channel,Model J,J-PRO,Plant 1,69,69,29,520,56,56,28,FY26-Q1-DEMO
2025-11,SA,Adelaide Channel,Model K,K-STD,Plant 3,70,70,30,480,56,41,38,FY26-Q1-DEMO
2025-11,SA,Adelaide Channel,Model K,K-LITE,Plant 3,70,70,30,480,56,50,42,FY26-Q1-DEMO
2025-11,SA,Adelaide Channel,Model L,L-STD,Plant 1,71,57,25,520,56,40,39,FY26-Q1-DEMO
2025-11,SA,Adelaide Channel,Model L,L-MAX,Plant 1,71,57,25,520,56,55,34,FY26-Q1-DEMO
2025-12,QLD,Northside Motors,Model H,H-STD,Plant 2,56,74,31,420,20,56,35,FY26-Q1-DEMO
2025-12,QLD,Northside Motors,Model H,H-XL,Plant 2,56,58,25,420,20,130,70,FY26-Q1-DEMO
2025-12,QLD,Northside Motors,Model J,J-STD,Plant 1,54,54,24,520,60,58,37,FY26-Q1-DEMO
2025-12,QLD,Northside Motors,Model J,J-PRO,Plant 1,54,54,24,520,60,44,28,FY26-Q1-DEMO
2025-12,QLD,Northside Motors,Model K,K-STD,Plant 3,53,53,24,480,60,59,38,FY26-Q1-DEMO
2025-12,QLD,Northside Motors,Model K,K-LITE,Plant 3,53,53,24,480,60,58,42,FY26-Q1-DEMO
2025-12,QLD,Northside Motors,Model L,L-STD,Plant 1,52,52,23,520,60,20,39,FY26-Q1-DEMO
2025-12,QLD,Northside Motors,Model L,L-MAX,Plant 1,52,52,23,520,60,45,34,FY26-Q1-DEMO
2025-12,QLD,Coastal Equipment,Model H,H-STD,Plant 2,56,74,31,420,20,35,35,FY26-Q1-DEMO
2025-12,QLD,Coastal Equipment,Model H,H-XL,Plant 2,56,58,25,420,20,130,70,FY26-Q1-DEMO
2025-12,QLD,Coastal Equipment,Model J,J-STD,Plant 1,54,54,24,520,60,37,37,FY26-Q1-DEMO
2025-12,QLD,Coastal Equipment,Model J,J-PRO,Plant 1,54,54,24,520,60,23,28,FY26-Q1-DEMO
2025-12,QLD,Coastal Equipment,Model K,K-STD,Plant 3,53,53,24,480,60,38,38,FY26-Q1-DEMO
2025-12,QLD,Coastal Equipment,Model K,K-LITE,Plant 3,53,53,24,480,60,27,42,FY26-Q1-DEMO
2025-12,QLD,Coastal Equipment,Model L,L-STD,Plant 1,52,52,23,520,60,39,39,FY26-Q1-DEMO
2025-12,QLD,Coastal Equipment,Model L,L-MAX,Plant 1,52,52,23,520,60,24,34,FY26-Q1-DEMO
2025-12,NSW,Harbour Dealership,Model H,H-STD,Plant 2,59,74,31,420,20,24,35,FY26-Q1-DEMO
2025-12,NSW,Harbour Dealership,Model H,H-XL,Plant 2,59,58,25,420,20,130,70,FY26-Q1-DEMO
2025-12,NSW,Harbour Dealership,Model J,J-STD,Plant 1,61,61,26,520,60,22,37,FY26-Q1-DEMO
2025-12,NSW,Harbour Dealership,Model J,J-PRO,Plant 1,61,61,26,520,60,36,28,FY26-Q1-DEMO
2025-12,NSW,Harbour Dealership,Model K,K-STD,Plant 3,62,62,27,480,60,21,38,FY26-Q1-DEMO
2025-12,NSW,Harbour Dealership,Model K,K-LITE,Plant 3,62,62,27,480,60,58,42,FY26-Q1-DEMO
2025-12,NSW,Harbour Dealership,Model L,L-STD,Plant 1,63,63,27,520,60,20,39,FY26-Q1-DEMO
2025-12,NSW,Harbour Dealership,Model L,L-MAX,Plant 1,63,63,27,520,60,35,34,FY26-Q1-DEMO
2025-12,NSW,Western Plains,Model H,H-STD,Plant 2,59,74,31,420,20,27,35,FY26-Q1-DEMO
2025-12,NSW,Western Plains,Model H,H-XL,Plant 2,59,58,25,420,20,130,70,FY26-Q1-DEMO
2025-12,NSW,Western Plains,Model J,J-STD,Plant 1,61,61,26,520,60,29,37,FY26-Q1-DEMO
2025-12,NSW,Western Plains,Model J,J-PRO,Plant 1,61,61,26,520,60,55,28,FY26-Q1-DEMO
2025-12,NSW,Western Plains,Model K,K-STD,Plant 3,62,62,27,480,60,30,38,FY26-Q1-DEMO
2025-12,NSW,Western Plains,Model K,K-LITE,Plant 3,62,62,27,480,60,59,42,FY26-Q1-DEMO
2025-12,NSW,Western Plains,Model L,L-STD,Plant 1,63,63,27,520,60,31,39,FY26-Q1-DEMO
2025-12,NSW,Western Plains,Model L,L-MAX,Plant 1,63,63,27,520,60,56,34,FY26-Q1-DEMO
2025-12,VIC,Metro Industrial,Model H,H-STD,Plant 2,63,66,28,420,20,34,35,FY26-Q1-DEMO
2025-12,VIC,Metro Industrial,Model H,H-XL,Plant 2,63,51,23,420,20,130,70,FY26-Q1-DEMO
2025-12,VIC,Metro Industrial,Model J,J-STD,Plant 1,65,65,28,520,60,36,37,FY26-Q1-DEMO
2025-12,VIC,Metro Industrial,Model J,J-PRO,Plant 1,65,65,28,520,60,22,28,FY26-Q1-DEMO
2025-12,VIC,Metro Industrial,Model K,K-STD,Plant 3,66,62,27,480,60,37,38,FY26-Q1-DEMO
2025-12,VIC,Metro Industrial,Model K,K-LITE,Plant 3,66,62,27,480,60,36,42,FY26-Q1-DEMO
2025-12,VIC,Metro Industrial,Model L,L-STD,Plant 1,67,67,28,520,60,38,39,FY26-Q1-DEMO
2025-12,VIC,Metro Industrial,Model L,L-MAX,Plant 1,67,67,28,520,60,23,34,FY26-Q1-DEMO
2025-12,VIC,Gippsland Trade,Model H,H-STD,Plant 2,63,66,28,420,20,38,35,FY26-Q1-DEMO
2025-12,VIC,Gippsland Trade,Model H,H-XL,Plant 2,63,51,23,420,20,130,70,FY26-Q1-DEMO
2025-12,VIC,Gippsland Trade,Model J,J-STD,Plant 1,65,65,28,520,60,36,37,FY26-Q1-DEMO
2025-12,VIC,Gippsland Trade,Model J,J-PRO,Plant 1,65,65,28,520,60,50,28,FY26-Q1-DEMO
2025-12,VIC,Gippsland Trade,Model K,K-STD,Plant 3,66,62,27,480,60,35,38,FY26-Q1-DEMO
2025-12,VIC,Gippsland Trade,Model K,K-LITE,Plant 3,66,62,27,480,60,44,42,FY26-Q1-DEMO
2025-12,VIC,Gippsland Trade,Model L,L-STD,Plant 1,67,67,28,520,60,34,39,FY26-Q1-DEMO
2025-12,VIC,Gippsland Trade,Model L,L-MAX,Plant 1,67,67,28,520,60,49,34,FY26-Q1-DEMO
2025-12,WA,West Coast Machinery,Model H,H-STD,Plant 2,59,62,27,420,20,23,35,FY26-Q1-DEMO
2025-12,WA,West Coast Machinery,Model H,H-XL,Plant 2,59,48,22,420,20,130,70,FY26-Q1-DEMO
2025-12,WA,West Coast Machinery,Model J,J-STD,Plant 1,61,47,21,520,60,25,37,FY26-Q1-DEMO
2025-12,WA,West Coast Machinery,Model J,J-PRO,Plant 1,61,47,21,520,60,51,28,FY26-Q1-DEMO
2025-12,WA,West Coast Machinery,Model K,K-STD,Plant 3,62,62,27,480,60,26,38,FY26-Q1-DEMO
2025-12,WA,West Coast Machinery,Model K,K-LITE,Plant 3,62,62,27,480,60,47,42,FY26-Q1-DEMO
2025-12,WA,West Coast Machinery,Model L,L-STD,Plant 1,63,63,27,520,60,27,39,FY26-Q1-DEMO
2025-12,WA,West Coast Machinery,Model L,L-MAX,Plant 1,63,63,27,520,60,52,34,FY26-Q1-DEMO
2025-12,WA,Pilbara Supply,Model H,H-STD,Plant 2,59,62,27,420,20,44,35,FY26-Q1-DEMO
2025-12,WA,Pilbara Supply,Model H,H-XL,Plant 2,59,48,22,420,20,130,70,FY26-Q1-DEMO
2025-12,WA,Pilbara Supply,Model J,J-STD,Plant 1,61,47,21,520,60,42,37,FY26-Q1-DEMO
2025-12,WA,Pilbara Supply,Model J,J-PRO,Plant 1,61,47,21,520,60,56,28,FY26-Q1-DEMO
2025-12,WA,Pilbara Supply,Model K,K-STD,Plant 3,62,62,27,480,60,41,38,FY26-Q1-DEMO
2025-12,WA,Pilbara Supply,Model K,K-LITE,Plant 3,62,62,27,480,60,58,42,FY26-Q1-DEMO
2025-12,WA,Pilbara Supply,Model L,L-STD,Plant 1,63,63,27,520,60,40,39,FY26-Q1-DEMO
2025-12,WA,Pilbara Supply,Model L,L-MAX,Plant 1,63,63,27,520,60,55,34,FY26-Q1-DEMO
2025-12,SA,Southern Fleet,Model H,H-STD,Plant 2,69,72,30,420,20,56,35,FY26-Q1-DEMO
2025-12,SA,Southern Fleet,Model H,H-XL,Plant 2,69,56,25,420,20,130,70,FY26-Q1-DEMO
2025-12,SA,Southern Fleet,Model J,J-STD,Plant 1,71,71,30,520,60,54,37,FY26-Q1-DEMO
2025-12,SA,Southern Fleet,Model J,J-PRO,Plant 1,71,71,30,520,60,28,28,FY26-Q1-DEMO
2025-12,SA,Southern Fleet,Model K,K-STD,Plant 3,72,72,30,480,60,53,38,FY26-Q1-DEMO
2025-12,SA,Southern Fleet,Model K,K-LITE,Plant 3,72,72,30,480,60,58,42,FY26-Q1-DEMO
2025-12,SA,Southern Fleet,Model L,L-STD,Plant 1,73,57,25,520,60,52,39,FY26-Q1-DEMO
2025-12,SA,Southern Fleet,Model L,L-MAX,Plant 1,73,57,25,520,60,27,34,FY26-Q1-DEMO
2025-12,SA,Adelaide Channel,Model H,H-STD,Plant 2,69,72,30,420,20,44,35,FY26-Q1-DEMO
2025-12,SA,Adelaide Channel,Model H,H-XL,Plant 2,69,56,25,420,20,130,70,FY26-Q1-DEMO
2025-12,SA,Adelaide Channel,Model J,J-STD,Plant 1,71,71,30,520,60,42,37,FY26-Q1-DEMO
2025-12,SA,Adelaide Channel,Model J,J-PRO,Plant 1,71,71,30,520,60,56,28,FY26-Q1-DEMO
2025-12,SA,Adelaide Channel,Model K,K-STD,Plant 3,72,72,30,480,60,41,38,FY26-Q1-DEMO
2025-12,SA,Adelaide Channel,Model K,K-LITE,Plant 3,72,72,30,480,60,50,42,FY26-Q1-DEMO
2025-12,SA,Adelaide Channel,Model L,L-STD,Plant 1,73,57,25,520,60,40,39,FY26-Q1-DEMO
2025-12,SA,Adelaide Channel,Model L,L-MAX,Plant 1,73,57,25,520,60,55,34,FY26-Q1-DEMO
2026-01,QLD,Northside Motors,Model H,H-STD,Plant 2,58,77,32,420,16,56,35,FY26-Q1-DEMO
2026-01,QLD,Northside Motors,Model H,H-XL,Plant 2,58,60,26,420,16,138,73,FY26-Q1-DEMO
2026-01,QLD,Northside Motors,Model J,J-STD,Plant 1,56,56,25,520,59,58,37,FY26-Q1-DEMO
2026-01,QLD,Northside Motors,Model J,J-PRO,Plant 1,56,56,25,520,59,44,28,FY26-Q1-DEMO
2026-01,QLD,Northside Motors,Model K,K-STD,Plant 3,55,55,24,480,59,59,38,FY26-Q1-DEMO
2026-01,QLD,Northside Motors,Model K,K-LITE,Plant 3,55,55,24,480,59,58,42,FY26-Q1-DEMO
2026-01,QLD,Northside Motors,Model L,L-STD,Plant 1,54,54,24,520,59,20,39,FY26-Q1-DEMO
2026-01,QLD,Northside Motors,Model L,L-MAX,Plant 1,54,54,24,520,59,45,34,FY26-Q1-DEMO
2026-01,QLD,Coastal Equipment,Model H,H-STD,Plant 2,58,77,32,420,16,35,35,FY26-Q1-DEMO
2026-01,QLD,Coastal Equipment,Model H,H-XL,Plant 2,58,60,26,420,16,138,73,FY26-Q1-DEMO
2026-01,QLD,Coastal Equipment,Model J,J-STD,Plant 1,56,56,25,520,59,37,37,FY26-Q1-DEMO
2026-01,QLD,Coastal Equipment,Model J,J-PRO,Plant 1,56,56,25,520,59,23,28,FY26-Q1-DEMO
2026-01,QLD,Coastal Equipment,Model K,K-STD,Plant 3,55,55,24,480,59,38,38,FY26-Q1-DEMO
2026-01,QLD,Coastal Equipment,Model K,K-LITE,Plant 3,55,55,24,480,59,27,42,FY26-Q1-DEMO
2026-01,QLD,Coastal Equipment,Model L,L-STD,Plant 1,54,54,24,520,59,39,39,FY26-Q1-DEMO
2026-01,QLD,Coastal Equipment,Model L,L-MAX,Plant 1,54,54,24,520,59,24,34,FY26-Q1-DEMO
2026-01,NSW,Harbour Dealership,Model H,H-STD,Plant 2,61,77,32,420,16,24,35,FY26-Q1-DEMO
2026-01,NSW,Harbour Dealership,Model H,H-XL,Plant 2,61,60,26,420,16,138,73,FY26-Q1-DEMO
2026-01,NSW,Harbour Dealership,Model J,J-STD,Plant 1,63,63,27,520,59,22,37,FY26-Q1-DEMO
2026-01,NSW,Harbour Dealership,Model J,J-PRO,Plant 1,63,63,27,520,59,36,28,FY26-Q1-DEMO
2026-01,NSW,Harbour Dealership,Model K,K-STD,Plant 3,64,64,27,480,59,21,38,FY26-Q1-DEMO
2026-01,NSW,Harbour Dealership,Model K,K-LITE,Plant 3,64,64,27,480,59,58,42,FY26-Q1-DEMO
2026-01,NSW,Harbour Dealership,Model L,L-STD,Plant 1,65,65,28,520,59,20,39,FY26-Q1-DEMO
2026-01,NSW,Harbour Dealership,Model L,L-MAX,Plant 1,65,65,28,520,59,35,34,FY26-Q1-DEMO
2026-01,NSW,Western Plains,Model H,H-STD,Plant 2,61,77,32,420,16,27,35,FY26-Q1-DEMO
2026-01,NSW,Western Plains,Model H,H-XL,Plant 2,61,60,26,420,16,138,73,FY26-Q1-DEMO
2026-01,NSW,Western Plains,Model J,J-STD,Plant 1,63,63,27,520,59,29,37,FY26-Q1-DEMO
2026-01,NSW,Western Plains,Model J,J-PRO,Plant 1,63,63,27,520,59,55,28,FY26-Q1-DEMO
2026-01,NSW,Western Plains,Model K,K-STD,Plant 3,64,64,27,480,59,30,38,FY26-Q1-DEMO
2026-01,NSW,Western Plains,Model K,K-LITE,Plant 3,64,64,27,480,59,59,42,FY26-Q1-DEMO
2026-01,NSW,Western Plains,Model L,L-STD,Plant 1,65,65,28,520,59,31,39,FY26-Q1-DEMO
2026-01,NSW,Western Plains,Model L,L-MAX,Plant 1,65,65,28,520,59,56,34,FY26-Q1-DEMO
2026-01,VIC,Metro Industrial,Model H,H-STD,Plant 2,65,68,29,420,16,34,35,FY26-Q1-DEMO
2026-01,VIC,Metro Industrial,Model H,H-XL,Plant 2,65,53,24,420,16,138,73,FY26-Q1-DEMO
2026-01,VIC,Metro Industrial,Model J,J-STD,Plant 1,67,67,28,520,59,36,37,FY26-Q1-DEMO
2026-01,VIC,Metro Industrial,Model J,J-PRO,Plant 1,67,67,28,520,59,22,28,FY26-Q1-DEMO
2026-01,VIC,Metro Industrial,Model K,K-STD,Plant 3,68,64,27,480,59,37,38,FY26-Q1-DEMO
2026-01,VIC,Metro Industrial,Model K,K-LITE,Plant 3,68,64,27,480,59,36,42,FY26-Q1-DEMO
2026-01,VIC,Metro Industrial,Model L,L-STD,Plant 1,69,69,29,520,59,38,39,FY26-Q1-DEMO
2026-01,VIC,Metro Industrial,Model L,L-MAX,Plant 1,69,69,29,520,59,23,34,FY26-Q1-DEMO
2026-01,VIC,Gippsland Trade,Model H,H-STD,Plant 2,65,68,29,420,16,38,35,FY26-Q1-DEMO
2026-01,VIC,Gippsland Trade,Model H,H-XL,Plant 2,65,53,24,420,16,138,73,FY26-Q1-DEMO
2026-01,VIC,Gippsland Trade,Model J,J-STD,Plant 1,67,67,28,520,59,36,37,FY26-Q1-DEMO
2026-01,VIC,Gippsland Trade,Model J,J-PRO,Plant 1,67,67,28,520,59,50,28,FY26-Q1-DEMO
2026-01,VIC,Gippsland Trade,Model K,K-STD,Plant 3,68,64,27,480,59,35,38,FY26-Q1-DEMO
2026-01,VIC,Gippsland Trade,Model K,K-LITE,Plant 3,68,64,27,480,59,44,42,FY26-Q1-DEMO
2026-01,VIC,Gippsland Trade,Model L,L-STD,Plant 1,69,69,29,520,59,34,39,FY26-Q1-DEMO
2026-01,VIC,Gippsland Trade,Model L,L-MAX,Plant 1,69,69,29,520,59,49,34,FY26-Q1-DEMO
2026-01,WA,West Coast Machinery,Model H,H-STD,Plant 2,61,64,27,420,16,23,35,FY26-Q1-DEMO
2026-01,WA,West Coast Machinery,Model H,H-XL,Plant 2,61,50,23,420,16,138,73,FY26-Q1-DEMO
2026-01,WA,West Coast Machinery,Model J,J-STD,Plant 1,63,48,22,520,59,25,37,FY26-Q1-DEMO
2026-01,WA,West Coast Machinery,Model J,J-PRO,Plant 1,63,48,22,520,59,51,28,FY26-Q1-DEMO
2026-01,WA,West Coast Machinery,Model K,K-STD,Plant 3,64,64,27,480,59,26,38,FY26-Q1-DEMO
2026-01,WA,West Coast Machinery,Model K,K-LITE,Plant 3,64,64,27,480,59,47,42,FY26-Q1-DEMO
2026-01,WA,West Coast Machinery,Model L,L-STD,Plant 1,65,65,28,520,59,27,39,FY26-Q1-DEMO
2026-01,WA,West Coast Machinery,Model L,L-MAX,Plant 1,65,65,28,520,59,52,34,FY26-Q1-DEMO
2026-01,WA,Pilbara Supply,Model H,H-STD,Plant 2,61,64,27,420,16,44,35,FY26-Q1-DEMO
2026-01,WA,Pilbara Supply,Model H,H-XL,Plant 2,61,50,23,420,16,138,73,FY26-Q1-DEMO
2026-01,WA,Pilbara Supply,Model J,J-STD,Plant 1,63,48,22,520,59,42,37,FY26-Q1-DEMO
2026-01,WA,Pilbara Supply,Model J,J-PRO,Plant 1,63,48,22,520,59,56,28,FY26-Q1-DEMO
2026-01,WA,Pilbara Supply,Model K,K-STD,Plant 3,64,64,27,480,59,41,38,FY26-Q1-DEMO
2026-01,WA,Pilbara Supply,Model K,K-LITE,Plant 3,64,64,27,480,59,58,42,FY26-Q1-DEMO
2026-01,WA,Pilbara Supply,Model L,L-STD,Plant 1,65,65,28,520,59,40,39,FY26-Q1-DEMO
2026-01,WA,Pilbara Supply,Model L,L-MAX,Plant 1,65,65,28,520,59,55,34,FY26-Q1-DEMO
2026-01,SA,Southern Fleet,Model H,H-STD,Plant 2,71,75,31,420,16,56,35,FY26-Q1-DEMO
2026-01,SA,Southern Fleet,Model H,H-XL,Plant 2,71,59,26,420,16,138,73,FY26-Q1-DEMO
2026-01,SA,Southern Fleet,Model J,J-STD,Plant 1,73,73,31,520,59,54,37,FY26-Q1-DEMO
2026-01,SA,Southern Fleet,Model J,J-PRO,Plant 1,73,73,31,520,59,28,28,FY26-Q1-DEMO
2026-01,SA,Southern Fleet,Model K,K-STD,Plant 3,74,74,31,480,59,53,38,FY26-Q1-DEMO
2026-01,SA,Southern Fleet,Model K,K-LITE,Plant 3,74,74,31,480,59,58,42,FY26-Q1-DEMO
2026-01,SA,Southern Fleet,Model L,L-STD,Plant 1,75,56,25,520,59,52,39,FY26-Q1-DEMO
2026-01,SA,Southern Fleet,Model L,L-MAX,Plant 1,75,56,25,520,59,27,34,FY26-Q1-DEMO
2026-01,SA,Adelaide Channel,Model H,H-STD,Plant 2,71,75,31,420,16,44,35,FY26-Q1-DEMO
2026-01,SA,Adelaide Channel,Model H,H-XL,Plant 2,71,59,26,420,16,138,73,FY26-Q1-DEMO
2026-01,SA,Adelaide Channel,Model J,J-STD,Plant 1,73,73,31,520,59,42,37,FY26-Q1-DEMO
2026-01,SA,Adelaide Channel,Model J,J-PRO,Plant 1,73,73,31,520,59,56,28,FY26-Q1-DEMO
2026-01,SA,Adelaide Channel,Model K,K-STD,Plant 3,74,74,31,480,59,41,38,FY26-Q1-DEMO
2026-01,SA,Adelaide Channel,Model K,K-LITE,Plant 3,74,74,31,480,59,50,42,FY26-Q1-DEMO
2026-01,SA,Adelaide Channel,Model L,L-STD,Plant 1,75,56,25,520,59,40,39,FY26-Q1-DEMO
2026-01,SA,Adelaide Channel,Model L,L-MAX,Plant 1,75,56,25,520,59,55,34,FY26-Q1-DEMO
2026-02,QLD,Northside Motors,Model H,H-STD,Plant 2,60,81,33,420,12,56,35,FY26-Q1-DEMO
2026-02,QLD,Northside Motors,Model H,H-XL,Plant 2,60,63,27,420,12,146,76,FY26-Q1-DEMO
2026-02,QLD,Northside Motors,Model J,J-STD,Plant 1,58,58,25,520,58,58,37,FY26-Q1-DEMO
2026-02,QLD,Northside Motors,Model J,J-PRO,Plant 1,58,58,25,520,58,44,28,FY26-Q1-DEMO
2026-02,QLD,Northside Motors,Model K,K-STD,Plant 3,57,57,25,480,58,59,38,FY26-Q1-DEMO
2026-02,QLD,Northside Motors,Model K,K-LITE,Plant 3,57,57,25,480,58,58,42,FY26-Q1-DEMO
2026-02,QLD,Northside Motors,Model L,L-STD,Plant 1,56,56,25,520,58,20,39,FY26-Q1-DEMO
2026-02,QLD,Northside Motors,Model L,L-MAX,Plant 1,56,56,25,520,58,45,34,FY26-Q1-DEMO
2026-02,QLD,Coastal Equipment,Model H,H-STD,Plant 2,60,81,33,420,12,35,35,FY26-Q1-DEMO
2026-02,QLD,Coastal Equipment,Model H,H-XL,Plant 2,60,63,27,420,12,146,76,FY26-Q1-DEMO
2026-02,QLD,Coastal Equipment,Model J,J-STD,Plant 1,58,58,25,520,58,37,37,FY26-Q1-DEMO
2026-02,QLD,Coastal Equipment,Model J,J-PRO,Plant 1,58,58,25,520,58,23,28,FY26-Q1-DEMO
2026-02,QLD,Coastal Equipment,Model K,K-STD,Plant 3,57,57,25,480,58,38,38,FY26-Q1-DEMO
2026-02,QLD,Coastal Equipment,Model K,K-LITE,Plant 3,57,57,25,480,58,27,42,FY26-Q1-DEMO
2026-02,QLD,Coastal Equipment,Model L,L-STD,Plant 1,56,56,25,520,58,39,39,FY26-Q1-DEMO
2026-02,QLD,Coastal Equipment,Model L,L-MAX,Plant 1,56,56,25,520,58,24,34,FY26-Q1-DEMO
2026-02,NSW,Harbour Dealership,Model H,H-STD,Plant 2,63,81,33,420,12,24,35,FY26-Q1-DEMO
2026-02,NSW,Harbour Dealership,Model H,H-XL,Plant 2,63,63,27,420,12,146,76,FY26-Q1-DEMO
2026-02,NSW,Harbour Dealership,Model J,J-STD,Plant 1,65,65,28,520,58,22,37,FY26-Q1-DEMO
2026-02,NSW,Harbour Dealership,Model J,J-PRO,Plant 1,65,65,28,520,58,36,28,FY26-Q1-DEMO
2026-02,NSW,Harbour Dealership,Model K,K-STD,Plant 3,66,66,28,480,58,21,38,FY26-Q1-DEMO
2026-02,NSW,Harbour Dealership,Model K,K-LITE,Plant 3,66,66,28,480,58,58,42,FY26-Q1-DEMO
2026-02,NSW,Harbour Dealership,Model L,L-STD,Plant 1,67,67,28,520,58,20,39,FY26-Q1-DEMO
2026-02,NSW,Harbour Dealership,Model L,L-MAX,Plant 1,67,67,28,520,58,35,34,FY26-Q1-DEMO
2026-02,NSW,Western Plains,Model H,H-STD,Plant 2,63,81,33,420,12,27,35,FY26-Q1-DEMO
2026-02,NSW,Western Plains,Model H,H-XL,Plant 2,63,63,27,420,12,146,76,FY26-Q1-DEMO
2026-02,NSW,Western Plains,Model J,J-STD,Plant 1,65,65,28,520,58,29,37,FY26-Q1-DEMO
2026-02,NSW,Western Plains,Model J,J-PRO,Plant 1,65,65,28,520,58,55,28,FY26-Q1-DEMO
2026-02,NSW,Western Plains,Model K,K-STD,Plant 3,66,66,28,480,58,30,38,FY26-Q1-DEMO
2026-02,NSW,Western Plains,Model K,K-LITE,Plant 3,66,66,28,480,58,59,42,FY26-Q1-DEMO
2026-02,NSW,Western Plains,Model L,L-STD,Plant 1,67,67,28,520,58,31,39,FY26-Q1-DEMO
2026-02,NSW,Western Plains,Model L,L-MAX,Plant 1,67,67,28,520,58,56,34,FY26-Q1-DEMO
2026-02,VIC,Metro Industrial,Model H,H-STD,Plant 2,67,70,30,420,12,34,35,FY26-Q1-DEMO
2026-02,VIC,Metro Industrial,Model H,H-XL,Plant 2,67,55,24,420,12,146,76,FY26-Q1-DEMO
2026-02,VIC,Metro Industrial,Model J,J-STD,Plant 1,69,69,29,520,58,36,37,FY26-Q1-DEMO
2026-02,VIC,Metro Industrial,Model J,J-PRO,Plant 1,69,69,29,520,58,22,28,FY26-Q1-DEMO
2026-02,VIC,Metro Industrial,Model K,K-STD,Plant 3,70,66,28,480,58,37,38,FY26-Q1-DEMO
2026-02,VIC,Metro Industrial,Model K,K-LITE,Plant 3,70,66,28,480,58,36,42,FY26-Q1-DEMO
2026-02,VIC,Metro Industrial,Model L,L-STD,Plant 1,71,71,30,520,58,38,39,FY26-Q1-DEMO
2026-02,VIC,Metro Industrial,Model L,L-MAX,Plant 1,71,71,30,520,58,23,34,FY26-Q1-DEMO
2026-02,VIC,Gippsland Trade,Model H,H-STD,Plant 2,67,70,30,420,12,38,35,FY26-Q1-DEMO
2026-02,VIC,Gippsland Trade,Model H,H-XL,Plant 2,67,55,24,420,12,146,76,FY26-Q1-DEMO
2026-02,VIC,Gippsland Trade,Model J,J-STD,Plant 1,69,69,29,520,58,36,37,FY26-Q1-DEMO
2026-02,VIC,Gippsland Trade,Model J,J-PRO,Plant 1,69,69,29,520,58,50,28,FY26-Q1-DEMO
2026-02,VIC,Gippsland Trade,Model K,K-STD,Plant 3,70,66,28,480,58,35,38,FY26-Q1-DEMO
2026-02,VIC,Gippsland Trade,Model K,K-LITE,Plant 3,70,66,28,480,58,44,42,FY26-Q1-DEMO
2026-02,VIC,Gippsland Trade,Model L,L-STD,Plant 1,71,71,30,520,58,34,39,FY26-Q1-DEMO
2026-02,VIC,Gippsland Trade,Model L,L-MAX,Plant 1,71,71,30,520,58,49,34,FY26-Q1-DEMO
2026-02,WA,West Coast Machinery,Model H,H-STD,Plant 2,63,66,28,420,12,23,35,FY26-Q1-DEMO
2026-02,WA,West Coast Machinery,Model H,H-XL,Plant 2,63,51,23,420,12,146,76,FY26-Q1-DEMO
2026-02,WA,West Coast Machinery,Model J,J-STD,Plant 1,65,49,22,520,58,25,37,FY26-Q1-DEMO
2026-02,WA,West Coast Machinery,Model J,J-PRO,Plant 1,65,49,22,520,58,51,28,FY26-Q1-DEMO
2026-02,WA,West Coast Machinery,Model K,K-STD,Plant 3,66,66,28,480,58,26,38,FY26-Q1-DEMO
2026-02,WA,West Coast Machinery,Model K,K-LITE,Plant 3,66,66,28,480,58,47,42,FY26-Q1-DEMO
2026-02,WA,West Coast Machinery,Model L,L-STD,Plant 1,67,67,28,520,58,27,39,FY26-Q1-DEMO
2026-02,WA,West Coast Machinery,Model L,L-MAX,Plant 1,67,67,28,520,58,52,34,FY26-Q1-DEMO
2026-02,WA,Pilbara Supply,Model H,H-STD,Plant 2,63,66,28,420,12,44,35,FY26-Q1-DEMO
2026-02,WA,Pilbara Supply,Model H,H-XL,Plant 2,63,51,23,420,12,146,76,FY26-Q1-DEMO
2026-02,WA,Pilbara Supply,Model J,J-STD,Plant 1,65,49,22,520,58,42,37,FY26-Q1-DEMO
2026-02,WA,Pilbara Supply,Model J,J-PRO,Plant 1,65,49,22,520,58,56,28,FY26-Q1-DEMO
2026-02,WA,Pilbara Supply,Model K,K-STD,Plant 3,66,66,28,480,58,41,38,FY26-Q1-DEMO
2026-02,WA,Pilbara Supply,Model K,K-LITE,Plant 3,66,66,28,480,58,58,42,FY26-Q1-DEMO
2026-02,WA,Pilbara Supply,Model L,L-STD,Plant 1,67,67,28,520,58,40,39,FY26-Q1-DEMO
2026-02,WA,Pilbara Supply,Model L,L-MAX,Plant 1,67,67,28,520,58,55,34,FY26-Q1-DEMO
2026-02,SA,Southern Fleet,Model H,H-STD,Plant 2,73,77,32,420,12,56,35,FY26-Q1-DEMO
2026-02,SA,Southern Fleet,Model H,H-XL,Plant 2,73,60,26,420,12,146,76,FY26-Q1-DEMO
2026-02,SA,Southern Fleet,Model J,J-STD,Plant 1,75,75,31,520,58,54,37,FY26-Q1-DEMO
2026-02,SA,Southern Fleet,Model J,J-PRO,Plant 1,75,75,31,520,58,28,28,FY26-Q1-DEMO
2026-02,SA,Southern Fleet,Model K,K-STD,Plant 3,76,76,32,480,58,53,38,FY26-Q1-DEMO
2026-02,SA,Southern Fleet,Model K,K-LITE,Plant 3,76,76,32,480,58,58,42,FY26-Q1-DEMO
2026-02,SA,Southern Fleet,Model L,L-STD,Plant 1,77,56,25,520,58,52,39,FY26-Q1-DEMO
2026-02,SA,Southern Fleet,Model L,L-MAX,Plant 1,77,56,25,520,58,27,34,FY26-Q1-DEMO
2026-02,SA,Adelaide Channel,Model H,H-STD,Plant 2,73,77,32,420,12,44,35,FY26-Q1-DEMO
2026-02,SA,Adelaide Channel,Model H,H-XL,Plant 2,73,60,26,420,12,146,76,FY26-Q1-DEMO
2026-02,SA,Adelaide Channel,Model J,J-STD,Plant 1,75,75,31,520,58,42,37,FY26-Q1-DEMO
2026-02,SA,Adelaide Channel,Model J,J-PRO,Plant 1,75,75,31,520,58,56,28,FY26-Q1-DEMO
2026-02,SA,Adelaide Channel,Model K,K-STD,Plant 3,76,76,32,480,58,41,38,FY26-Q1-DEMO
2026-02,SA,Adelaide Channel,Model K,K-LITE,Plant 3,76,76,32,480,58,50,42,FY26-Q1-DEMO
2026-02,SA,Adelaide Channel,Model L,L-STD,Plant 1,77,56,25,520,58,40,39,FY26-Q1-DEMO
2026-02,SA,Adelaide Channel,Model L,L-MAX,Plant 1,77,56,25,520,58,55,34,FY26-Q1-DEMO
2026-03,QLD,Northside Motors,Model H,H-STD,Plant 2,62,85,35,420,8,56,35,FY26-Q1-DEMO
2026-03,QLD,Northside Motors,Model H,H-XL,Plant 2,62,66,28,420,8,154,79,FY26-Q1-DEMO
2026-03,QLD,Northside Motors,Model J,J-STD,Plant 1,60,60,26,520,57,58,37,FY26-Q1-DEMO
2026-03,QLD,Northside Motors,Model J,J-PRO,Plant 1,60,60,26,520,57,44,28,FY26-Q1-DEMO
2026-03,QLD,Northside Motors,Model K,K-STD,Plant 3,59,59,26,480,57,59,38,FY26-Q1-DEMO
2026-03,QLD,Northside Motors,Model K,K-LITE,Plant 3,59,59,26,480,57,58,42,FY26-Q1-DEMO
2026-03,QLD,Northside Motors,Model L,L-STD,Plant 1,58,58,25,520,57,20,39,FY26-Q1-DEMO
2026-03,QLD,Northside Motors,Model L,L-MAX,Plant 1,58,58,25,520,57,45,34,FY26-Q1-DEMO
2026-03,QLD,Coastal Equipment,Model H,H-STD,Plant 2,62,85,35,420,8,35,35,FY26-Q1-DEMO
2026-03,QLD,Coastal Equipment,Model H,H-XL,Plant 2,62,66,28,420,8,154,79,FY26-Q1-DEMO
2026-03,QLD,Coastal Equipment,Model J,J-STD,Plant 1,60,60,26,520,57,37,37,FY26-Q1-DEMO
2026-03,QLD,Coastal Equipment,Model J,J-PRO,Plant 1,60,60,26,520,57,23,28,FY26-Q1-DEMO
2026-03,QLD,Coastal Equipment,Model K,K-STD,Plant 3,59,59,26,480,57,38,38,FY26-Q1-DEMO
2026-03,QLD,Coastal Equipment,Model K,K-LITE,Plant 3,59,59,26,480,57,27,42,FY26-Q1-DEMO
2026-03,QLD,Coastal Equipment,Model L,L-STD,Plant 1,58,58,25,520,57,39,39,FY26-Q1-DEMO
2026-03,QLD,Coastal Equipment,Model L,L-MAX,Plant 1,58,58,25,520,57,24,34,FY26-Q1-DEMO
2026-03,NSW,Harbour Dealership,Model H,H-STD,Plant 2,65,85,35,420,8,24,35,FY26-Q1-DEMO
2026-03,NSW,Harbour Dealership,Model H,H-XL,Plant 2,65,66,28,420,8,154,79,FY26-Q1-DEMO
2026-03,NSW,Harbour Dealership,Model J,J-STD,Plant 1,67,67,28,520,57,22,37,FY26-Q1-DEMO
2026-03,NSW,Harbour Dealership,Model J,J-PRO,Plant 1,67,67,28,520,57,36,28,FY26-Q1-DEMO
2026-03,NSW,Harbour Dealership,Model K,K-STD,Plant 3,68,68,29,480,57,21,38,FY26-Q1-DEMO
2026-03,NSW,Harbour Dealership,Model K,K-LITE,Plant 3,68,68,29,480,57,58,42,FY26-Q1-DEMO
2026-03,NSW,Harbour Dealership,Model L,L-STD,Plant 1,69,69,29,520,57,20,39,FY26-Q1-DEMO
2026-03,NSW,Harbour Dealership,Model L,L-MAX,Plant 1,69,69,29,520,57,35,34,FY26-Q1-DEMO
2026-03,NSW,Western Plains,Model H,H-STD,Plant 2,65,85,35,420,8,27,35,FY26-Q1-DEMO
2026-03,NSW,Western Plains,Model H,H-XL,Plant 2,65,66,28,420,8,154,79,FY26-Q1-DEMO
2026-03,NSW,Western Plains,Model J,J-STD,Plant 1,67,67,28,520,57,29,37,FY26-Q1-DEMO
2026-03,NSW,Western Plains,Model J,J-PRO,Plant 1,67,67,28,520,57,55,28,FY26-Q1-DEMO
2026-03,NSW,Western Plains,Model K,K-STD,Plant 3,68,68,29,480,57,30,38,FY26-Q1-DEMO
2026-03,NSW,Western Plains,Model K,K-LITE,Plant 3,68,68,29,480,57,59,42,FY26-Q1-DEMO
2026-03,NSW,Western Plains,Model L,L-STD,Plant 1,69,69,29,520,57,31,39,FY26-Q1-DEMO
2026-03,NSW,Western Plains,Model L,L-MAX,Plant 1,69,69,29,520,57,56,34,FY26-Q1-DEMO
2026-03,VIC,Metro Industrial,Model H,H-STD,Plant 2,69,72,30,420,8,34,35,FY26-Q1-DEMO
2026-03,VIC,Metro Industrial,Model H,H-XL,Plant 2,69,56,25,420,8,154,79,FY26-Q1-DEMO
2026-03,VIC,Metro Industrial,Model J,J-STD,Plant 1,71,71,30,520,57,36,37,FY26-Q1-DEMO
2026-03,VIC,Metro Industrial,Model J,J-PRO,Plant 1,71,71,30,520,57,22,28,FY26-Q1-DEMO
2026-03,VIC,Metro Industrial,Model K,K-STD,Plant 3,72,68,29,480,57,37,38,FY26-Q1-DEMO
2026-03,VIC,Metro Industrial,Model K,K-LITE,Plant 3,72,68,29,480,57,36,42,FY26-Q1-DEMO
2026-03,VIC,Metro Industrial,Model L,L-STD,Plant 1,73,73,31,520,57,38,39,FY26-Q1-DEMO
2026-03,VIC,Metro Industrial,Model L,L-MAX,Plant 1,73,73,31,520,57,23,34,FY26-Q1-DEMO
2026-03,VIC,Gippsland Trade,Model H,H-STD,Plant 2,69,72,30,420,8,38,35,FY26-Q1-DEMO
2026-03,VIC,Gippsland Trade,Model H,H-XL,Plant 2,69,56,25,420,8,154,79,FY26-Q1-DEMO
2026-03,VIC,Gippsland Trade,Model J,J-STD,Plant 1,71,71,30,520,57,36,37,FY26-Q1-DEMO
2026-03,VIC,Gippsland Trade,Model J,J-PRO,Plant 1,71,71,30,520,57,50,28,FY26-Q1-DEMO
2026-03,VIC,Gippsland Trade,Model K,K-STD,Plant 3,72,68,29,480,57,35,38,FY26-Q1-DEMO
2026-03,VIC,Gippsland Trade,Model K,K-LITE,Plant 3,72,68,29,480,57,44,42,FY26-Q1-DEMO
2026-03,VIC,Gippsland Trade,Model L,L-STD,Plant 1,73,73,31,520,57,34,39,FY26-Q1-DEMO
2026-03,VIC,Gippsland Trade,Model L,L-MAX,Plant 1,73,73,31,520,57,49,34,FY26-Q1-DEMO
2026-03,WA,West Coast Machinery,Model H,H-STD,Plant 2,65,68,29,420,8,23,35,FY26-Q1-DEMO
2026-03,WA,West Coast Machinery,Model H,H-XL,Plant 2,65,53,24,420,8,154,79,FY26-Q1-DEMO
2026-03,WA,West Coast Machinery,Model J,J-STD,Plant 1,67,50,23,520,57,25,37,FY26-Q1-DEMO
2026-03,WA,West Coast Machinery,Model J,J-PRO,Plant 1,67,50,23,520,57,51,28,FY26-Q1-DEMO
2026-03,WA,West Coast Machinery,Model K,K-STD,Plant 3,68,68,29,480,57,26,38,FY26-Q1-DEMO
2026-03,WA,West Coast Machinery,Model K,K-LITE,Plant 3,68,68,29,480,57,47,42,FY26-Q1-DEMO
2026-03,WA,West Coast Machinery,Model L,L-STD,Plant 1,69,69,29,520,57,27,39,FY26-Q1-DEMO
2026-03,WA,West Coast Machinery,Model L,L-MAX,Plant 1,69,69,29,520,57,52,34,FY26-Q1-DEMO
2026-03,WA,Pilbara Supply,Model H,H-STD,Plant 2,65,68,29,420,8,44,35,FY26-Q1-DEMO
2026-03,WA,Pilbara Supply,Model H,H-XL,Plant 2,65,53,24,420,8,154,79,FY26-Q1-DEMO
2026-03,WA,Pilbara Supply,Model J,J-STD,Plant 1,67,50,23,520,57,42,37,FY26-Q1-DEMO
2026-03,WA,Pilbara Supply,Model J,J-PRO,Plant 1,67,50,23,520,57,56,28,FY26-Q1-DEMO
2026-03,WA,Pilbara Supply,Model K,K-STD,Plant 3,68,68,29,480,57,41,38,FY26-Q1-DEMO
2026-03,WA,Pilbara Supply,Model K,K-LITE,Plant 3,68,68,29,480,57,58,42,FY26-Q1-DEMO
2026-03,WA,Pilbara Supply,Model L,L-STD,Plant 1,69,69,29,520,57,40,39,FY26-Q1-DEMO
2026-03,WA,Pilbara Supply,Model L,L-MAX,Plant 1,69,69,29,520,57,55,34,FY26-Q1-DEMO
2026-03,SA,Southern Fleet,Model H,H-STD,Plant 2,75,79,33,420,8,56,35,FY26-Q1-DEMO
2026-03,SA,Southern Fleet,Model H,H-XL,Plant 2,75,62,27,420,8,154,79,FY26-Q1-DEMO
2026-03,SA,Southern Fleet,Model J,J-STD,Plant 1,77,77,32,520,57,54,37,FY26-Q1-DEMO
2026-03,SA,Southern Fleet,Model J,J-PRO,Plant 1,77,77,32,520,57,28,28,FY26-Q1-DEMO
2026-03,SA,Southern Fleet,Model K,K-STD,Plant 3,78,78,32,480,57,53,38,FY26-Q1-DEMO
2026-03,SA,Southern Fleet,Model K,K-LITE,Plant 3,78,78,32,480,57,58,42,FY26-Q1-DEMO
2026-03,SA,Southern Fleet,Model L,L-STD,Plant 1,79,55,24,520,57,52,39,FY26-Q1-DEMO
2026-03,SA,Southern Fleet,Model L,L-MAX,Plant 1,79,55,24,520,57,27,34,FY26-Q1-DEMO
2026-03,SA,Adelaide Channel,Model H,H-STD,Plant 2,75,79,33,420,8,44,35,FY26-Q1-DEMO
2026-03,SA,Adelaide Channel,Model H,H-XL,Plant 2,75,62,27,420,8,154,79,FY26-Q1-DEMO
2026-03,SA,Adelaide Channel,Model J,J-STD,Plant 1,77,77,32,520,57,42,37,FY26-Q1-DEMO
2026-03,SA,Adelaide Channel,Model J,J-PRO,Plant 1,77,77,32,520,57,56,28,FY26-Q1-DEMO
2026-03,SA,Adelaide Channel,Model K,K-STD,Plant 3,78,78,32,480,57,41,38,FY26-Q1-DEMO
2026-03,SA,Adelaide Channel,Model K,K-LITE,Plant 3,78,78,32,480,57,50,42,FY26-Q1-DEMO
2026-03,SA,Adelaide Channel,Model L,L-STD,Plant 1,79,55,24,520,57,40,39,FY26-Q1-DEMO
2026-03,SA,Adelaide Channel,Model L,L-MAX,Plant 1,79,55,24,520,57,55,34,FY26-Q1-DEMO
2026-04,QLD,Northside Motors,Model H,H-STD,Plant 2,64,89,36,420,5,56,35,FY26-Q1-DEMO
2026-04,QLD,Northside Motors,Model H,H-XL,Plant 2,64,69,29,420,5,162,82,FY26-Q1-DEMO
2026-04,QLD,Northside Motors,Model J,J-STD,Plant 1,62,62,27,520,56,58,37,FY26-Q1-DEMO
2026-04,QLD,Northside Motors,Model J,J-PRO,Plant 1,62,62,27,520,56,44,28,FY26-Q1-DEMO
2026-04,QLD,Northside Motors,Model K,K-STD,Plant 3,61,61,26,480,56,59,38,FY26-Q1-DEMO
2026-04,QLD,Northside Motors,Model K,K-LITE,Plant 3,61,61,26,480,56,58,42,FY26-Q1-DEMO
2026-04,QLD,Northside Motors,Model L,L-STD,Plant 1,60,60,26,520,56,20,39,FY26-Q1-DEMO
2026-04,QLD,Northside Motors,Model L,L-MAX,Plant 1,60,60,26,520,56,45,34,FY26-Q1-DEMO
2026-04,QLD,Coastal Equipment,Model H,H-STD,Plant 2,64,89,36,420,5,35,35,FY26-Q1-DEMO
2026-04,QLD,Coastal Equipment,Model H,H-XL,Plant 2,64,69,29,420,5,162,82,FY26-Q1-DEMO
2026-04,QLD,Coastal Equipment,Model J,J-STD,Plant 1,62,62,27,520,56,37,37,FY26-Q1-DEMO
2026-04,QLD,Coastal Equipment,Model J,J-PRO,Plant 1,62,62,27,520,56,23,28,FY26-Q1-DEMO
2026-04,QLD,Coastal Equipment,Model K,K-STD,Plant 3,61,61,26,480,56,38,38,FY26-Q1-DEMO
2026-04,QLD,Coastal Equipment,Model K,K-LITE,Plant 3,61,61,26,480,56,27,42,FY26-Q1-DEMO
2026-04,QLD,Coastal Equipment,Model L,L-STD,Plant 1,60,60,26,520,56,39,39,FY26-Q1-DEMO
2026-04,QLD,Coastal Equipment,Model L,L-MAX,Plant 1,60,60,26,520,56,24,34,FY26-Q1-DEMO
2026-04,NSW,Harbour Dealership,Model H,H-STD,Plant 2,67,89,36,420,5,24,35,FY26-Q1-DEMO
2026-04,NSW,Harbour Dealership,Model H,H-XL,Plant 2,67,69,29,420,5,162,82,FY26-Q1-DEMO
2026-04,NSW,Harbour Dealership,Model J,J-STD,Plant 1,69,69,29,520,56,22,37,FY26-Q1-DEMO
2026-04,NSW,Harbour Dealership,Model J,J-PRO,Plant 1,69,69,29,520,56,36,28,FY26-Q1-DEMO
2026-04,NSW,Harbour Dealership,Model K,K-STD,Plant 3,70,70,30,480,56,21,38,FY26-Q1-DEMO
2026-04,NSW,Harbour Dealership,Model K,K-LITE,Plant 3,70,70,30,480,56,58,42,FY26-Q1-DEMO
2026-04,NSW,Harbour Dealership,Model L,L-STD,Plant 1,71,71,30,520,56,20,39,FY26-Q1-DEMO
2026-04,NSW,Harbour Dealership,Model L,L-MAX,Plant 1,71,71,30,520,56,35,34,FY26-Q1-DEMO
2026-04,NSW,Western Plains,Model H,H-STD,Plant 2,67,89,36,420,5,27,35,FY26-Q1-DEMO
2026-04,NSW,Western Plains,Model H,H-XL,Plant 2,67,69,29,420,5,162,82,FY26-Q1-DEMO
2026-04,NSW,Western Plains,Model J,J-STD,Plant 1,69,69,29,520,56,29,37,FY26-Q1-DEMO
2026-04,NSW,Western Plains,Model J,J-PRO,Plant 1,69,69,29,520,56,55,28,FY26-Q1-DEMO
2026-04,NSW,Western Plains,Model K,K-STD,Plant 3,70,70,30,480,56,30,38,FY26-Q1-DEMO
2026-04,NSW,Western Plains,Model K,K-LITE,Plant 3,70,70,30,480,56,59,42,FY26-Q1-DEMO
2026-04,NSW,Western Plains,Model L,L-STD,Plant 1,71,71,30,520,56,31,39,FY26-Q1-DEMO
2026-04,NSW,Western Plains,Model L,L-MAX,Plant 1,71,71,30,520,56,56,34,FY26-Q1-DEMO
2026-04,VIC,Metro Industrial,Model H,H-STD,Plant 2,71,75,31,420,5,34,35,FY26-Q1-DEMO
2026-04,VIC,Metro Industrial,Model H,H-XL,Plant 2,71,59,26,420,5,162,82,FY26-Q1-DEMO
2026-04,VIC,Metro Industrial,Model J,J-STD,Plant 1,73,73,31,520,56,36,37,FY26-Q1-DEMO
2026-04,VIC,Metro Industrial,Model J,J-PRO,Plant 1,73,73,31,520,56,22,28,FY26-Q1-DEMO
2026-04,VIC,Metro Industrial,Model K,K-STD,Plant 3,74,70,30,480,56,37,38,FY26-Q1-DEMO
2026-04,VIC,Metro Industrial,Model K,K-LITE,Plant 3,74,70,30,480,56,36,42,FY26-Q1-DEMO
2026-04,VIC,Metro Industrial,Model L,L-STD,Plant 1,75,75,31,520,56,38,39,FY26-Q1-DEMO
2026-04,VIC,Metro Industrial,Model L,L-MAX,Plant 1,75,75,31,520,56,23,34,FY26-Q1-DEMO
2026-04,VIC,Gippsland Trade,Model H,H-STD,Plant 2,71,75,31,420,5,38,35,FY26-Q1-DEMO
2026-04,VIC,Gippsland Trade,Model H,H-XL,Plant 2,71,59,26,420,5,162,82,FY26-Q1-DEMO
2026-04,VIC,Gippsland Trade,Model J,J-STD,Plant 1,73,73,31,520,56,36,37,FY26-Q1-DEMO
2026-04,VIC,Gippsland Trade,Model J,J-PRO,Plant 1,73,73,31,520,56,50,28,FY26-Q1-DEMO
2026-04,VIC,Gippsland Trade,Model K,K-STD,Plant 3,74,70,30,480,56,35,38,FY26-Q1-DEMO
2026-04,VIC,Gippsland Trade,Model K,K-LITE,Plant 3,74,70,30,480,56,44,42,FY26-Q1-DEMO
2026-04,VIC,Gippsland Trade,Model L,L-STD,Plant 1,75,75,31,520,56,34,39,FY26-Q1-DEMO
2026-04,VIC,Gippsland Trade,Model L,L-MAX,Plant 1,75,75,31,520,56,49,34,FY26-Q1-DEMO
2026-04,WA,West Coast Machinery,Model H,H-STD,Plant 2,67,70,30,420,5,23,35,FY26-Q1-DEMO
2026-04,WA,West Coast Machinery,Model H,H-XL,Plant 2,67,55,24,420,5,162,82,FY26-Q1-DEMO
2026-04,WA,West Coast Machinery,Model J,J-STD,Plant 1,69,50,23,520,56,25,37,FY26-Q1-DEMO
2026-04,WA,West Coast Machinery,Model J,J-PRO,Plant 1,69,50,23,520,56,51,28,FY26-Q1-DEMO
2026-04,WA,West Coast Machinery,Model K,K-STD,Plant 3,70,70,30,480,56,26,38,FY26-Q1-DEMO
2026-04,WA,West Coast Machinery,Model K,K-LITE,Plant 3,70,70,30,480,56,47,42,FY26-Q1-DEMO
2026-04,WA,West Coast Machinery,Model L,L-STD,Plant 1,71,71,30,520,56,27,39,FY26-Q1-DEMO
2026-04,WA,West Coast Machinery,Model L,L-MAX,Plant 1,71,71,30,520,56,52,34,FY26-Q1-DEMO
2026-04,WA,Pilbara Supply,Model H,H-STD,Plant 2,67,70,30,420,5,44,35,FY26-Q1-DEMO
2026-04,WA,Pilbara Supply,Model H,H-XL,Plant 2,67,55,24,420,5,162,82,FY26-Q1-DEMO
2026-04,WA,Pilbara Supply,Model J,J-STD,Plant 1,69,50,23,520,56,42,37,FY26-Q1-DEMO
2026-04,WA,Pilbara Supply,Model J,J-PRO,Plant 1,69,50,23,520,56,56,28,FY26-Q1-DEMO
2026-04,WA,Pilbara Supply,Model K,K-STD,Plant 3,70,70,30,480,56,41,38,FY26-Q1-DEMO
2026-04,WA,Pilbara Supply,Model K,K-LITE,Plant 3,70,70,30,480,56,58,42,FY26-Q1-DEMO
2026-04,WA,Pilbara Supply,Model L,L-STD,Plant 1,71,71,30,520,56,40,39,FY26-Q1-DEMO
2026-04,WA,Pilbara Supply,Model L,L-MAX,Plant 1,71,71,30,520,56,55,34,FY26-Q1-DEMO
2026-04,SA,Southern Fleet,Model H,H-STD,Plant 2,77,81,33,420,5,56,35,FY26-Q1-DEMO
2026-04,SA,Southern Fleet,Model H,H-XL,Plant 2,77,63,27,420,5,162,82,FY26-Q1-DEMO
2026-04,SA,Southern Fleet,Model J,J-STD,Plant 1,79,79,33,520,56,54,37,FY26-Q1-DEMO
2026-04,SA,Southern Fleet,Model J,J-PRO,Plant 1,79,79,33,520,56,28,28,FY26-Q1-DEMO
2026-04,SA,Southern Fleet,Model K,K-STD,Plant 3,80,80,33,480,56,53,38,FY26-Q1-DEMO
2026-04,SA,Southern Fleet,Model K,K-LITE,Plant 3,80,80,33,480,56,58,42,FY26-Q1-DEMO
2026-04,SA,Southern Fleet,Model L,L-STD,Plant 1,81,55,24,520,56,52,39,FY26-Q1-DEMO
2026-04,SA,Southern Fleet,Model L,L-MAX,Plant 1,81,55,24,520,56,27,34,FY26-Q1-DEMO
2026-04,SA,Adelaide Channel,Model H,H-STD,Plant 2,77,81,33,420,5,44,35,FY26-Q1-DEMO
2026-04,SA,Adelaide Channel,Model H,H-XL,Plant 2,77,63,27,420,5,162,82,FY26-Q1-DEMO
2026-04,SA,Adelaide Channel,Model J,J-STD,Plant 1,79,79,33,520,56,42,37,FY26-Q1-DEMO
2026-04,SA,Adelaide Channel,Model J,J-PRO,Plant 1,79,79,33,520,56,56,28,FY26-Q1-DEMO
2026-04,SA,Adelaide Channel,Model K,K-STD,Plant 3,80,80,33,480,56,41,38,FY26-Q1-DEMO
2026-04,SA,Adelaide Channel,Model K,K-LITE,Plant 3,80,80,33,480,56,50,42,FY26-Q1-DEMO
2026-04,SA,Adelaide Channel,Model L,L-STD,Plant 1,81,55,24,520,56,40,39,FY26-Q1-DEMO
2026-04,SA,Adelaide Channel,Model L,L-MAX,Plant 1,81,55,24,520,56,55,34,FY26-Q1-DEMO
2026-05,QLD,Northside Motors,Model H,H-STD,Plant 2,66,93,38,420,5,56,35,FY26-Q1-DEMO
2026-05,QLD,Northside Motors,Model H,H-XL,Plant 2,66,73,31,420,5,170,85,FY26-Q1-DEMO
2026-05,QLD,Northside Motors,Model J,J-STD,Plant 1,64,64,27,520,60,58,37,FY26-Q1-DEMO
2026-05,QLD,Northside Motors,Model J,J-PRO,Plant 1,64,64,27,520,60,44,28,FY26-Q1-DEMO
2026-05,QLD,Northside Motors,Model K,K-STD,Plant 3,63,63,27,480,60,59,38,FY26-Q1-DEMO
2026-05,QLD,Northside Motors,Model K,K-LITE,Plant 3,63,63,27,480,60,58,42,FY26-Q1-DEMO
2026-05,QLD,Northside Motors,Model L,L-STD,Plant 1,62,62,27,520,60,20,39,FY26-Q1-DEMO
2026-05,QLD,Northside Motors,Model L,L-MAX,Plant 1,62,62,27,520,60,45,34,FY26-Q1-DEMO
2026-05,QLD,Coastal Equipment,Model H,H-STD,Plant 2,66,93,38,420,5,35,35,FY26-Q1-DEMO
2026-05,QLD,Coastal Equipment,Model H,H-XL,Plant 2,66,73,31,420,5,170,85,FY26-Q1-DEMO
2026-05,QLD,Coastal Equipment,Model J,J-STD,Plant 1,64,64,27,520,60,37,37,FY26-Q1-DEMO
2026-05,QLD,Coastal Equipment,Model J,J-PRO,Plant 1,64,64,27,520,60,23,28,FY26-Q1-DEMO
2026-05,QLD,Coastal Equipment,Model K,K-STD,Plant 3,63,63,27,480,60,38,38,FY26-Q1-DEMO
2026-05,QLD,Coastal Equipment,Model K,K-LITE,Plant 3,63,63,27,480,60,27,42,FY26-Q1-DEMO
2026-05,QLD,Coastal Equipment,Model L,L-STD,Plant 1,62,62,27,520,60,39,39,FY26-Q1-DEMO
2026-05,QLD,Coastal Equipment,Model L,L-MAX,Plant 1,62,62,27,520,60,24,34,FY26-Q1-DEMO
2026-05,NSW,Harbour Dealership,Model H,H-STD,Plant 2,69,92,37,420,5,24,35,FY26-Q1-DEMO
2026-05,NSW,Harbour Dealership,Model H,H-XL,Plant 2,69,72,30,420,5,170,85,FY26-Q1-DEMO
2026-05,NSW,Harbour Dealership,Model J,J-STD,Plant 1,71,71,30,520,60,22,37,FY26-Q1-DEMO
2026-05,NSW,Harbour Dealership,Model J,J-PRO,Plant 1,71,71,30,520,60,36,28,FY26-Q1-DEMO
2026-05,NSW,Harbour Dealership,Model K,K-STD,Plant 3,72,72,30,480,60,21,38,FY26-Q1-DEMO
2026-05,NSW,Harbour Dealership,Model K,K-LITE,Plant 3,72,72,30,480,60,58,42,FY26-Q1-DEMO
2026-05,NSW,Harbour Dealership,Model L,L-STD,Plant 1,73,73,31,520,60,20,39,FY26-Q1-DEMO
2026-05,NSW,Harbour Dealership,Model L,L-MAX,Plant 1,73,73,31,520,60,35,34,FY26-Q1-DEMO
2026-05,NSW,Western Plains,Model H,H-STD,Plant 2,69,92,37,420,5,27,35,FY26-Q1-DEMO
2026-05,NSW,Western Plains,Model H,H-XL,Plant 2,69,72,30,420,5,170,85,FY26-Q1-DEMO
2026-05,NSW,Western Plains,Model J,J-STD,Plant 1,71,71,30,520,60,29,37,FY26-Q1-DEMO
2026-05,NSW,Western Plains,Model J,J-PRO,Plant 1,71,71,30,520,60,55,28,FY26-Q1-DEMO
2026-05,NSW,Western Plains,Model K,K-STD,Plant 3,72,72,30,480,60,30,38,FY26-Q1-DEMO
2026-05,NSW,Western Plains,Model K,K-LITE,Plant 3,72,72,30,480,60,59,42,FY26-Q1-DEMO
2026-05,NSW,Western Plains,Model L,L-STD,Plant 1,73,73,31,520,60,31,39,FY26-Q1-DEMO
2026-05,NSW,Western Plains,Model L,L-MAX,Plant 1,73,73,31,520,60,56,34,FY26-Q1-DEMO
2026-05,VIC,Metro Industrial,Model H,H-STD,Plant 2,73,77,32,420,5,34,35,FY26-Q1-DEMO
2026-05,VIC,Metro Industrial,Model H,H-XL,Plant 2,73,60,26,420,5,170,85,FY26-Q1-DEMO
2026-05,VIC,Metro Industrial,Model J,J-STD,Plant 1,75,75,31,520,60,36,37,FY26-Q1-DEMO
2026-05,VIC,Metro Industrial,Model J,J-PRO,Plant 1,75,75,31,520,60,22,28,FY26-Q1-DEMO
2026-05,VIC,Metro Industrial,Model K,K-STD,Plant 3,76,71,30,480,60,37,38,FY26-Q1-DEMO
2026-05,VIC,Metro Industrial,Model K,K-LITE,Plant 3,76,71,30,480,60,36,42,FY26-Q1-DEMO
2026-05,VIC,Metro Industrial,Model L,L-STD,Plant 1,77,77,32,520,60,38,39,FY26-Q1-DEMO
2026-05,VIC,Metro Industrial,Model L,L-MAX,Plant 1,77,77,32,520,60,23,34,FY26-Q1-DEMO
2026-05,VIC,Gippsland Trade,Model H,H-STD,Plant 2,73,77,32,420,5,38,35,FY26-Q1-DEMO
2026-05,VIC,Gippsland Trade,Model H,H-XL,Plant 2,73,60,26,420,5,170,85,FY26-Q1-DEMO
2026-05,VIC,Gippsland Trade,Model J,J-STD,Plant 1,75,75,31,520,60,36,37,FY26-Q1-DEMO
2026-05,VIC,Gippsland Trade,Model J,J-PRO,Plant 1,75,75,31,520,60,50,28,FY26-Q1-DEMO
2026-05,VIC,Gippsland Trade,Model K,K-STD,Plant 3,76,71,30,480,60,35,38,FY26-Q1-DEMO
2026-05,VIC,Gippsland Trade,Model K,K-LITE,Plant 3,76,71,30,480,60,44,42,FY26-Q1-DEMO
2026-05,VIC,Gippsland Trade,Model L,L-STD,Plant 1,77,77,32,520,60,34,39,FY26-Q1-DEMO
2026-05,VIC,Gippsland Trade,Model L,L-MAX,Plant 1,77,77,32,520,60,49,34,FY26-Q1-DEMO
2026-05,WA,West Coast Machinery,Model H,H-STD,Plant 2,69,72,30,420,5,23,35,FY26-Q1-DEMO
2026-05,WA,West Coast Machinery,Model H,H-XL,Plant 2,69,56,25,420,5,170,85,FY26-Q1-DEMO
2026-05,WA,West Coast Machinery,Model J,J-STD,Plant 1,71,51,23,520,60,25,37,FY26-Q1-DEMO
2026-05,WA,West Coast Machinery,Model J,J-PRO,Plant 1,71,51,23,520,60,51,28,FY26-Q1-DEMO
2026-05,WA,West Coast Machinery,Model K,K-STD,Plant 3,72,72,30,480,60,26,38,FY26-Q1-DEMO
2026-05,WA,West Coast Machinery,Model K,K-LITE,Plant 3,72,72,30,480,60,47,42,FY26-Q1-DEMO
2026-05,WA,West Coast Machinery,Model L,L-STD,Plant 1,73,73,31,520,60,27,39,FY26-Q1-DEMO
2026-05,WA,West Coast Machinery,Model L,L-MAX,Plant 1,73,73,31,520,60,52,34,FY26-Q1-DEMO
2026-05,WA,Pilbara Supply,Model H,H-STD,Plant 2,69,72,30,420,5,44,35,FY26-Q1-DEMO
2026-05,WA,Pilbara Supply,Model H,H-XL,Plant 2,69,56,25,420,5,170,85,FY26-Q1-DEMO
2026-05,WA,Pilbara Supply,Model J,J-STD,Plant 1,71,51,23,520,60,42,37,FY26-Q1-DEMO
2026-05,WA,Pilbara Supply,Model J,J-PRO,Plant 1,71,51,23,520,60,56,28,FY26-Q1-DEMO
2026-05,WA,Pilbara Supply,Model K,K-STD,Plant 3,72,72,30,480,60,41,38,FY26-Q1-DEMO
2026-05,WA,Pilbara Supply,Model K,K-LITE,Plant 3,72,72,30,480,60,58,42,FY26-Q1-DEMO
2026-05,WA,Pilbara Supply,Model L,L-STD,Plant 1,73,73,31,520,60,40,39,FY26-Q1-DEMO
2026-05,WA,Pilbara Supply,Model L,L-MAX,Plant 1,73,73,31,520,60,55,34,FY26-Q1-DEMO
2026-05,SA,Southern Fleet,Model H,H-STD,Plant 2,79,83,34,420,5,56,35,FY26-Q1-DEMO
2026-05,SA,Southern Fleet,Model H,H-XL,Plant 2,79,65,28,420,5,170,85,FY26-Q1-DEMO
2026-05,SA,Southern Fleet,Model J,J-STD,Plant 1,81,81,33,520,60,54,37,FY26-Q1-DEMO
2026-05,SA,Southern Fleet,Model J,J-PRO,Plant 1,81,81,33,520,60,28,28,FY26-Q1-DEMO
2026-05,SA,Southern Fleet,Model K,K-STD,Plant 3,82,82,34,480,60,53,38,FY26-Q1-DEMO
2026-05,SA,Southern Fleet,Model K,K-LITE,Plant 3,82,82,34,480,60,58,42,FY26-Q1-DEMO
2026-05,SA,Southern Fleet,Model L,L-STD,Plant 1,83,54,24,520,60,52,39,FY26-Q1-DEMO
2026-05,SA,Southern Fleet,Model L,L-MAX,Plant 1,83,54,24,520,60,27,34,FY26-Q1-DEMO
2026-05,SA,Adelaide Channel,Model H,H-STD,Plant 2,79,83,34,420,5,44,35,FY26-Q1-DEMO
2026-05,SA,Adelaide Channel,Model H,H-XL,Plant 2,79,65,28,420,5,170,85,FY26-Q1-DEMO
2026-05,SA,Adelaide Channel,Model J,J-STD,Plant 1,81,81,33,520,60,42,37,FY26-Q1-DEMO
2026-05,SA,Adelaide Channel,Model J,J-PRO,Plant 1,81,81,33,520,60,56,28,FY26-Q1-DEMO
2026-05,SA,Adelaide Channel,Model K,K-STD,Plant 3,82,82,34,480,60,41,38,FY26-Q1-DEMO
2026-05,SA,Adelaide Channel,Model K,K-LITE,Plant 3,82,82,34,480,60,50,42,FY26-Q1-DEMO
2026-05,SA,Adelaide Channel,Model L,L-STD,Plant 1,83,54,24,520,60,40,39,FY26-Q1-DEMO
2026-05,SA,Adelaide Channel,Model L,L-MAX,Plant 1,83,54,24,520,60,55,34,FY26-Q1-DEMO
2026-06,QLD,Northside Motors,Model H,H-STD,Plant 2,68,97,39,420,5,56,35,FY26-Q1-DEMO
2026-06,QLD,Northside Motors,Model H,H-XL,Plant 2,68,76,32,420,5,178,88,FY26-Q1-DEMO
2026-06,QLD,Northside Motors,Model J,J-STD,Plant 1,66,66,28,520,59,58,37,FY26-Q1-DEMO
2026-06,QLD,Northside Motors,Model J,J-PRO,Plant 1,66,66,28,520,59,44,28,FY26-Q1-DEMO
2026-06,QLD,Northside Motors,Model K,K-STD,Plant 3,65,65,28,480,59,59,38,FY26-Q1-DEMO
2026-06,QLD,Northside Motors,Model K,K-LITE,Plant 3,65,65,28,480,59,58,42,FY26-Q1-DEMO
2026-06,QLD,Northside Motors,Model L,L-STD,Plant 1,64,64,27,520,59,20,39,FY26-Q1-DEMO
2026-06,QLD,Northside Motors,Model L,L-MAX,Plant 1,64,64,27,520,59,45,34,FY26-Q1-DEMO
2026-06,QLD,Coastal Equipment,Model H,H-STD,Plant 2,68,97,39,420,5,35,35,FY26-Q1-DEMO
2026-06,QLD,Coastal Equipment,Model H,H-XL,Plant 2,68,76,32,420,5,178,88,FY26-Q1-DEMO
2026-06,QLD,Coastal Equipment,Model J,J-STD,Plant 1,66,66,28,520,59,37,37,FY26-Q1-DEMO
2026-06,QLD,Coastal Equipment,Model J,J-PRO,Plant 1,66,66,28,520,59,23,28,FY26-Q1-DEMO
2026-06,QLD,Coastal Equipment,Model K,K-STD,Plant 3,65,65,28,480,59,38,38,FY26-Q1-DEMO
2026-06,QLD,Coastal Equipment,Model K,K-LITE,Plant 3,65,65,28,480,59,27,42,FY26-Q1-DEMO
2026-06,QLD,Coastal Equipment,Model L,L-STD,Plant 1,64,64,27,520,59,39,39,FY26-Q1-DEMO
2026-06,QLD,Coastal Equipment,Model L,L-MAX,Plant 1,64,64,27,520,59,24,34,FY26-Q1-DEMO
2026-06,NSW,Harbour Dealership,Model H,H-STD,Plant 2,71,96,39,420,5,24,35,FY26-Q1-DEMO
2026-06,NSW,Harbour Dealership,Model H,H-XL,Plant 2,71,75,31,420,5,178,88,FY26-Q1-DEMO
2026-06,NSW,Harbour Dealership,Model J,J-STD,Plant 1,73,73,31,520,59,22,37,FY26-Q1-DEMO
2026-06,NSW,Harbour Dealership,Model J,J-PRO,Plant 1,73,73,31,520,59,36,28,FY26-Q1-DEMO
2026-06,NSW,Harbour Dealership,Model K,K-STD,Plant 3,74,74,31,480,59,21,38,FY26-Q1-DEMO
2026-06,NSW,Harbour Dealership,Model K,K-LITE,Plant 3,74,74,31,480,59,58,42,FY26-Q1-DEMO
2026-06,NSW,Harbour Dealership,Model L,L-STD,Plant 1,75,75,31,520,59,20,39,FY26-Q1-DEMO
2026-06,NSW,Harbour Dealership,Model L,L-MAX,Plant 1,75,75,31,520,59,35,34,FY26-Q1-DEMO
2026-06,NSW,Western Plains,Model H,H-STD,Plant 2,71,96,39,420,5,27,35,FY26-Q1-DEMO
2026-06,NSW,Western Plains,Model H,H-XL,Plant 2,71,75,31,420,5,178,88,FY26-Q1-DEMO
2026-06,NSW,Western Plains,Model J,J-STD,Plant 1,73,73,31,520,59,29,37,FY26-Q1-DEMO
2026-06,NSW,Western Plains,Model J,J-PRO,Plant 1,73,73,31,520,59,55,28,FY26-Q1-DEMO
2026-06,NSW,Western Plains,Model K,K-STD,Plant 3,74,74,31,480,59,30,38,FY26-Q1-DEMO
2026-06,NSW,Western Plains,Model K,K-LITE,Plant 3,74,74,31,480,59,59,42,FY26-Q1-DEMO
2026-06,NSW,Western Plains,Model L,L-STD,Plant 1,75,75,31,520,59,31,39,FY26-Q1-DEMO
2026-06,NSW,Western Plains,Model L,L-MAX,Plant 1,75,75,31,520,59,56,34,FY26-Q1-DEMO
2026-06,VIC,Metro Industrial,Model H,H-STD,Plant 2,75,79,33,420,5,34,35,FY26-Q1-DEMO
2026-06,VIC,Metro Industrial,Model H,H-XL,Plant 2,75,62,27,420,5,178,88,FY26-Q1-DEMO
2026-06,VIC,Metro Industrial,Model J,J-STD,Plant 1,77,77,32,520,59,36,37,FY26-Q1-DEMO
2026-06,VIC,Metro Industrial,Model J,J-PRO,Plant 1,77,77,32,520,59,22,28,FY26-Q1-DEMO
2026-06,VIC,Metro Industrial,Model K,K-STD,Plant 3,78,73,31,480,59,37,38,FY26-Q1-DEMO
2026-06,VIC,Metro Industrial,Model K,K-LITE,Plant 3,78,73,31,480,59,36,42,FY26-Q1-DEMO
2026-06,VIC,Metro Industrial,Model L,L-STD,Plant 1,79,79,33,520,59,38,39,FY26-Q1-DEMO
2026-06,VIC,Metro Industrial,Model L,L-MAX,Plant 1,79,79,33,520,59,23,34,FY26-Q1-DEMO
2026-06,VIC,Gippsland Trade,Model H,H-STD,Plant 2,75,79,33,420,5,38,35,FY26-Q1-DEMO
2026-06,VIC,Gippsland Trade,Model H,H-XL,Plant 2,75,62,27,420,5,178,88,FY26-Q1-DEMO
2026-06,VIC,Gippsland Trade,Model J,J-STD,Plant 1,77,77,32,520,59,36,37,FY26-Q1-DEMO
2026-06,VIC,Gippsland Trade,Model J,J-PRO,Plant 1,77,77,32,520,59,50,28,FY26-Q1-DEMO
2026-06,VIC,Gippsland Trade,Model K,K-STD,Plant 3,78,73,31,480,59,35,38,FY26-Q1-DEMO
2026-06,VIC,Gippsland Trade,Model K,K-LITE,Plant 3,78,73,31,480,59,44,42,FY26-Q1-DEMO
2026-06,VIC,Gippsland Trade,Model L,L-STD,Plant 1,79,79,33,520,59,34,39,FY26-Q1-DEMO
2026-06,VIC,Gippsland Trade,Model L,L-MAX,Plant 1,79,79,33,520,59,49,34,FY26-Q1-DEMO
2026-06,WA,West Coast Machinery,Model H,H-STD,Plant 2,71,75,31,420,5,23,35,FY26-Q1-DEMO
2026-06,WA,West Coast Machinery,Model H,H-XL,Plant 2,71,59,26,420,5,178,88,FY26-Q1-DEMO
2026-06,WA,West Coast Machinery,Model J,J-STD,Plant 1,73,52,23,520,59,25,37,FY26-Q1-DEMO
2026-06,WA,West Coast Machinery,Model J,J-PRO,Plant 1,73,52,23,520,59,51,28,FY26-Q1-DEMO
2026-06,WA,West Coast Machinery,Model K,K-STD,Plant 3,74,74,31,480,59,26,38,FY26-Q1-DEMO
2026-06,WA,West Coast Machinery,Model K,K-LITE,Plant 3,74,74,31,480,59,47,42,FY26-Q1-DEMO
2026-06,WA,West Coast Machinery,Model L,L-STD,Plant 1,75,75,31,520,59,27,39,FY26-Q1-DEMO
2026-06,WA,West Coast Machinery,Model L,L-MAX,Plant 1,75,75,31,520,59,52,34,FY26-Q1-DEMO
2026-06,WA,Pilbara Supply,Model H,H-STD,Plant 2,71,75,31,420,5,44,35,FY26-Q1-DEMO
2026-06,WA,Pilbara Supply,Model H,H-XL,Plant 2,71,59,26,420,5,178,88,FY26-Q1-DEMO
2026-06,WA,Pilbara Supply,Model J,J-STD,Plant 1,73,52,23,520,59,42,37,FY26-Q1-DEMO
2026-06,WA,Pilbara Supply,Model J,J-PRO,Plant 1,73,52,23,520,59,56,28,FY26-Q1-DEMO
2026-06,WA,Pilbara Supply,Model K,K-STD,Plant 3,74,74,31,480,59,41,38,FY26-Q1-DEMO
2026-06,WA,Pilbara Supply,Model K,K-LITE,Plant 3,74,74,31,480,59,58,42,FY26-Q1-DEMO
2026-06,WA,Pilbara Supply,Model L,L-STD,Plant 1,75,75,31,520,59,40,39,FY26-Q1-DEMO
2026-06,WA,Pilbara Supply,Model L,L-MAX,Plant 1,75,75,31,520,59,55,34,FY26-Q1-DEMO
2026-06,SA,Southern Fleet,Model H,H-STD,Plant 2,81,85,35,420,5,56,35,FY26-Q1-DEMO
2026-06,SA,Southern Fleet,Model H,H-XL,Plant 2,81,66,28,420,5,178,88,FY26-Q1-DEMO
2026-06,SA,Southern Fleet,Model J,J-STD,Plant 1,83,83,34,520,59,54,37,FY26-Q1-DEMO
2026-06,SA,Southern Fleet,Model J,J-PRO,Plant 1,83,83,34,520,59,28,28,FY26-Q1-DEMO
2026-06,SA,Southern Fleet,Model K,K-STD,Plant 3,84,84,34,480,59,53,38,FY26-Q1-DEMO
2026-06,SA,Southern Fleet,Model K,K-LITE,Plant 3,84,84,34,480,59,58,42,FY26-Q1-DEMO
2026-06,SA,Southern Fleet,Model L,L-STD,Plant 1,85,53,24,520,59,52,39,FY26-Q1-DEMO
2026-06,SA,Southern Fleet,Model L,L-MAX,Plant 1,85,53,24,520,59,27,34,FY26-Q1-DEMO
2026-06,SA,Adelaide Channel,Model H,H-STD,Plant 2,81,85,35,420,5,44,35,FY26-Q1-DEMO
2026-06,SA,Adelaide Channel,Model H,H-XL,Plant 2,81,66,28,420,5,178,88,FY26-Q1-DEMO
2026-06,SA,Adelaide Channel,Model J,J-STD,Plant 1,83,83,34,520,59,42,37,FY26-Q1-DEMO
2026-06,SA,Adelaide Channel,Model J,J-PRO,Plant 1,83,83,34,520,59,56,28,FY26-Q1-DEMO
2026-06,SA,Adelaide Channel,Model K,K-STD,Plant 3,84,84,34,480,59,41,38,FY26-Q1-DEMO
2026-06,SA,Adelaide Channel,Model K,K-LITE,Plant 3,84,84,34,480,59,50,42,FY26-Q1-DEMO
2026-06,SA,Adelaide Channel,Model L,L-STD,Plant 1,85,53,24,520,59,40,39,FY26-Q1-DEMO
2026-06,SA,Adelaide Channel,Model L,L-MAX,Plant 1,85,53,24,520,59,55,34,FY26-Q1-DEMO
